source,date,text,rating,metadata
Telegram,2026-08-24 11:53:03,thank you very much Big brother,,7517205512 | views: nan
Telegram,2026-08-24 11:52:25,"You can actually send message to Marchant, if you have any restriction or issues related to your binance account kindly chat binance live support. https://www.binance.com/en/chat",,977295348 | views: nan
Telegram,2026-08-24 11:48:53,Check messages. Sir,,604089790 | views: nan
Telegram,2026-08-24 11:39:13,actually when I trad in p2p there's fixed template I cannot Free chat with buyer's,,7517205512 | views: nan
Telegram,2026-08-24 11:38:04,Today maybe🤭🤭,,6753988569 | views: nan
Telegram,2026-08-24 11:33:55,Hi what's wrong?,,977295348 | views: nan
Telegram,2026-08-24 11:32:50,,,7637257589 | views: nan
Telegram,2026-08-24 11:24:59,Winner's Will Be Announced Soon Maybe Today Or Tomorrow.,,5340705899 | views: nan
Telegram,2026-08-24 11:23:01,1st week of sept,,918503070 | views: nan
Telegram,2026-08-24 11:22:19,"Hi guys, have there been results for this competition yet?",,5000225489 | views: nan
Telegram,2026-08-24 11:21:10,hi everyone i m living Dubai can I asked you admin I cannot Free chat in my binance,,7517205512 | views: nan
Telegram,2026-08-24 11:07:25,"Yes thanks, inspired by the current fluctuated market💪✌️",,6527617781 | views: nan
Google News,2026-08-24 10:58:04,"Abraxas Capital Opens $100M ETH Short, Hedges with $173M Binance Withdrawals - Cryptonews.net <a href=""https://news.google.com/rss/articles/CBMiWkFVX3lxTE43UERDeTlyT3MxS1hKcnZQVzlDY3I2S1BvNmNVNU5BWWI3dmQ4R3paSEFERnVPaWxVaW5iQ2YxQ1RLNFBDaG9UdnNqVnVnNEl0bHJwZ2dtd3ZuUQ?oc=5"" target=""_blank"">Abraxas Capital Opens $100M ETH Short, Hedges with $173M Binance Withdrawals</a>&nbsp;&nbsp;<font color=""#6f6f6f"">Cryptonews.net</font>",,Google News
Telegram,2026-08-24 10:55:55,,,7313878571 | views: nan
Telegram,2026-08-24 10:54:46,1,,8545784846 | views: nan
Telegram,2026-08-24 10:47:24,Liquidity pools are funds locked in smart contracts that help power decentralized trading,,6753988569 | views: nan
Telegram,2026-08-24 10:45:02,,,6283677931 | views: nan
Telegram,2026-08-24 10:42:42,Great quote to start week,,7333355063 | views: nan
Telegram,2026-08-24 10:39:00,Holla can I ask about design competition progress?,,485980819 | views: nan
Telegram,2026-08-24 10:37:42,Good morning madam,,6753988569 | views: nan
Telegram,2026-08-24 10:31:28,6iago3cq,,6052659858 | views: nan
Telegram,2026-08-24 10:27:51,Chek DM,,604089790 | views: nan
Telegram,2026-08-24 10:27:30,,,6283677931 | views: nan
Telegram,2026-08-24 10:26:25,Can you share your case ID with me please,,5949781266 | views: nan
Telegram,2026-08-24 10:26:15,,,6283677931 | views: nan
Telegram,2026-08-24 10:26:14,,,6283677931 | views: nan
Telegram,2026-08-24 10:26:11,,,6283677931 | views: nan
Telegram,2026-08-24 10:26:10,,,6283677931 | views: nan
Telegram,2026-08-24 10:25:45,Can this be expedited? I really need those funds.,,604089790 | views: nan
Telegram,2026-08-24 10:24:42,Good morning 🌞,,1316232793 | views: nan
Telegram,2026-08-24 10:24:39,,,6283677931 | views: nan
Telegram,2026-08-24 10:23:04,,,1681737450 | views: nan
Telegram,2026-08-24 10:23:01,"Withdrawal restrictions may be applied temporarily due to security checks, recent account changes, or an ongoing account review. Please check your email and any in-app notification for the reason. 

You can also contact contact Customer Support at https://www.binance.com/en/chat for further checking. Once you have the case id, please share with me so I can help follow up with the team.",,5949781266 | views: nan
Telegram,2026-08-24 10:20:09,"**""Set the standard today. Small wins on Monday compound into major success by Friday.""** 🔥💻

**Have a powerful start to the week, family!** 🚀☀️

**#BinanceWithPurpose**",,6527617781 | views: nan
Telegram,2026-08-24 10:16:40,Hi how are you,,7062717947 | views: nan
Telegram,2026-08-24 10:14:35,Good morning ma,,5340705899 | views: nan
Google News,2026-08-24 10:13:14,"Binance Cat Price Today | BNBCAT Live Price, Chart & Market Cap - OKX <a href=""https://news.google.com/rss/articles/CBMiX0FVX3lxTE9XdXFfWmUtSHdqVUxFTFlaaFdQYTJ1ek5QcmdVa0x0VnlhOWZNRVRqN0o0ZzZOdnNDdUtpbHE4SHFkSUVwX2tDdTA0Nk85MUFCNEdDOFpCR3NYaHB5OWQ0?oc=5"" target=""_blank"">Binance Cat Price Today | BNBCAT Live Price, Chart & Market Cap</a>&nbsp;&nbsp;<font color=""#6f6f6f"">OKX</font>",,Google News
Telegram,2026-08-24 10:03:57,,,6283677931 | views: nan
Telegram,2026-08-24 10:03:49,"My account has been frozen and I cannot make withdrawals, even though I haven't committed any violations or engaged in illegal transactions.",,604089790 | views: nan
Telegram,2026-08-24 10:00:46,,,6283677931 | views: nan
Telegram,2026-08-24 09:58:05,"Check this user `7480262806`, potential spammer.",,210944655 | views: nan
Telegram,2026-08-24 09:56:40,GM🔶💛🌅,,6283677931 | views: nan
Telegram,2026-08-24 09:52:56,GM🌅🔶💛,,6283677931 | views: nan
Telegram,2026-08-24 09:52:36,GM🔶💛,,6283677931 | views: nan
Telegram,2026-08-24 09:52:35,"Binance P2P requires the name on the payment account to match the user’s verified Binance identity. This helps prevent third-party payments, unauthorized account use, and later payment disputes.",,5949781266 | views: nan
Telegram,2026-08-24 09:50:00,What's the motive? He should only care about the money rather than checking payment account belongs to whom?,,927562222 | views: nan
Telegram,2026-08-24 09:49:51,"Hello Adi, please ask your question and how can I help you?",,8012925498 | views: nan
Telegram,2026-08-24 09:45:03,Good morning 😁❤️,,1885696330 | views: nan
Telegram,2026-08-24 09:44:01,Admin help,,604089790 | views: nan
Telegram,2026-08-24 09:22:28,GM,,8792279681 | views: nan
Telegram,2026-08-24 09:20:31,Happy new week ✨️,,6883862975 | views: nan
Telegram,2026-08-24 09:19:43,likewise,,611740329 | views: nan
Telegram,2026-08-24 09:13:33,"Good morning mam , have a good week ahead 😁",,7333355063 | views: nan
Telegram,2026-08-24 09:13:03,Good morning ✨️,,7849002538 | views: nan
Telegram,2026-08-24 09:11:27,,,611740329 | views: nan
Telegram,2026-08-24 09:03:52,Hello friends Good day.,,1765417106 | views: nan
Telegram,2026-08-24 09:01:16,"Hi
Could you please contact @BinanceResolutions on Telegram for assistance in reviewing your ban from the Binance Pakistan community? Please keep us updated, and let us know if you have any questions during the process.",,5949781266 | views: nan
Telegram,2026-08-24 08:57:20,"You may refer to this FAQ for common reasons a card payment may fail and the steps you can take: https://www.binance.com/en/support/faq/detail/93f6204eb3c8420c96c3dec681f2bc2c

If the issue continues, please contact our Customer Support team for an account-specific review:
https://www.binance.com/en/chat 
If you have a Case ID, you may share it with us for follow-up.",,5949781266 | views: nan
Telegram,2026-08-24 08:52:31,The next Binance Launchpool and its start date have not been officially announced yet. Please stay tuned to the Launchpool page for the latest confirmed updates: https://www.binance.com/en/support/announcement https://www.binance.com/en/launchpool,,5949781266 | views: nan
Telegram,2026-08-24 08:52:24,Introducing Binance Agent OS: Built for AI Agent Integration 💪 https://www.binance.com/en/blog/ecosystem/5991233187660196794?ref=UE06QWNK&utm_source=EnglishTelegram&utm_medium=GlobalCommunity&utm_campaign=EnglishAngels,,977295348 | views: nan
Telegram,2026-08-24 08:48:20,"Please contact our Customer Support team at https://www.binance.com/en/chat so they can review the transaction details. If you already have a Case ID, you may share it with us for follow-up.",,5949781266 | views: nan
Telegram,2026-08-24 08:45:55,🫢😁,,6283677931 | views: nan
Telegram,2026-08-24 08:45:22,"To start trading, complete Identity Verification and add funds to your Binance account. If you’re new, you can also practise first with Binance Demo Trading using virtual funds. Only trade with funds you can afford to lose.
https://www.binance.com/en/support/faq/detail/9be58f73e5e14338809e3b705b9687dd",,5949781266 | views: nan
Telegram,2026-08-24 08:45:19,😁😁,,6283677931 | views: nan
Telegram,2026-08-24 08:41:22,"If you mean how to get crypto on Binance, first create an account and complete Identity Verification. You can then tap Add Funds or Buy Crypto and choose an available option, such as a bank transfer, credit/debit card, or P2P. If you already own crypto elsewhere, you may also deposit it into Binance—just make sure the coin and network match. Binance cannot recommend which coin to buy, so please research before making a decision.
https://www.binance.com/en/support/faq/detail/c780097f75dd450a82d17f1e84153276",,5949781266 | views: nan
Telegram,2026-08-24 08:39:10,"If the fake account is impersonating Binance, please do not engage with it or share any personal or account information. You may send the profile link and screenshots privately to Binance Support at https://www.binance.com/en/chat

You can also check whether a Binance-related account is official through Binance Verify: https://www.binance.com/en/official-verification",,5949781266 | views: nan
Telegram,2026-08-24 08:33:45,"For INR P2P ads, a Verified Merchant may request additional KYC, such as a liveness check, Aadhaar, or PAN, to confirm your identity and that the payment account belongs to you. Do not share documents through Telegram, WhatsApp, or other external channels. 
https://www.binance.com/en/support/faq/detail/7d5e5c8d297c4c148fd87a9b7f9fa813
Any follow up question regrading your transaction, you may contact us at https://www.binance.com/en/chat",,5949781266 | views: nan
Telegram,2026-08-24 08:30:15,"Thank you for providing the detailed information and for cooperating throughout the verification process. 

Could you please share your Case ID with us so we can follow up with the relevant team?",,5949781266 | views: nan
Telegram,2026-08-24 08:10:04,`7301074949` is spamming with codes.,,210944655 | views: nan
Telegram,2026-08-24 08:10:04,`7301074949` might be spamming with codes.,,210944655 | views: nan
Telegram,2026-08-24 07:56:55,Morning,,8393629670 | views: nan
Telegram,2026-08-24 07:55:24,Gm sir,,7333355063 | views: nan
Telegram,2026-08-24 07:54:24,Good morning everyone,,977295348 | views: nan
Telegram,2026-08-24 07:54:15,,,977295348 | views: nan
Telegram,2026-08-24 07:49:10,"👩🏼‍💻 Bh Pralhad, are you searching for **Customer Support?**

ℹ️ If you encounter problems while using Binance services, you can seek solutions on Binance Live Chat by clicking [HERE ](https://binance.com/en/chat?ref=UE06QWNK&utm_source=EnglishTelegram&utm_medium=GlobalCommunity&utm_campaign=InfoBot)or from the mobile app. The AI bot will suggest solutions based on the information that you provide. 

ℹ️ **To Talk to CS Agent (Human Operator).
**
**Click ""Unsolved"" after bot gave an answer, followed by ""Not relevant"" button and then you get the option ""Transfer to Customer Service""**

ℹ️ You can also search for answers by visiting the [Binance FAQ](https://www.binance.com/en/support/faq?ref=UE06QWNK&utm_source=EnglishTelegram&utm_medium=GlobalCommunity&utm_campaign=InfoBot) page in English; if you still cannot find a solution, please contact a live operator via Binance Live Chat using the guide from [HERE](https://www.binance.com/en/support/faq/how-to-use-binance-support-7b0fd3ccb821483a99ff8f5cda374ee9?ref=UE06QWNK&utm_source=EnglishTelegram&utm_medium=GlobalCommunity&utm_campaign=InfoBot).

⚠️ Ignore any form of private messages, administrators or angels will NEVER contact you via a private message. Choosing to answer any **private messages** represents a high **security risk**. Block and ignore any requests!",,210944655 | views: nan
Telegram,2026-08-24 07:49:09,#support,,8012925498 | views: nan
Telegram,2026-08-24 07:36:29,Why p2p merchant is asking for liveness check& my adhar pan card?,,927562222 | views: nan
Telegram,2026-08-24 07:16:28,"Holle | Aster has permanently banned Dora💞
Reason: Xxx",,210944655 | views: nan
Telegram,2026-08-24 07:01:34,"ℹ️ As part of our ongoing efforts to better reach users around the world, Binance has created a multitude of community groups for users to socialize. In addition to supporting many major languages on our website and app, we also provide [live customer support in 17 languages](https://www.binance.com/en/support), with 24/7 support available for 10 languages, with those numbers expecting to grow in the future. 

[API ](https://t.me/binance_api_english) |
[AF 🇫🇷](https://t.me/Binance_Afrique) | [AGO 🇦🇴](https://t.me/BinanceAngola) | [AR 🇦🇲](https://t.me/Binance_Armenian) | [ARG 🇦🇷](https://t.me/binanceargentinaoficial) | [AU 🇦🇺](https://t.me/binanceaustralia) | [BD 🇧🇩](https://t.me/BinanceBangladeshi) | [BR 🇧🇷](https://t.me/BinancePortuguese) | [CN 🇨🇳](https://t.me/BinanceChinese) | [EA 🌍](https://t.me/BinanceEastAfrica) | [ES 🇪🇸🌍](https://t.me/BinanceSpanish) | [ESP 🇪🇸](https://t.me/Binance_ESP) | [ETH 🇪🇹](https://t.me/binancethiopia) | [FR 🇫🇷](https://t.me/BinanceFrench) | [ID 🇮🇩](https://t.me/Binance_Academy_ID) | [IN 🇮🇳](https://t.me/BinanceIndian) | [IT 🇮🇹](https://t.me/BinanceItalian) | [KZ 🇰🇿](https://t.me/binance_kz) | [KH 🇰🇭](https://t.me/BinanceKhmer) | [KGZ 🇰🇬](https://t.me/BinanceKyrgyz) | [LA 🇱🇦](https://t.me/BinanceLaotian) | [LK 🇱🇰](https://t.me/binancesrilanka) | [MN 🇲🇳](https://t.me/BinanceMongolian) | [MM 🇲🇲](https://t.me/BinanceBurmese) | [NG 🇳🇬](https://t.me/BinanceNigeria) | [NP 🇳🇵](https://t.me/BinanceNepali) | [PK 🇵🇰](http://t.me/binancepakistani) | [PL 🇵🇱](https://t.me/Binance_Polish) | [RW 🇷🇼](https://t.me/Binance_RwandaBurundi) | [RU 🇷🇺](https://t.me/BinanceRussianSpeaking) | [SA 🇸🇦](https://t.me/BinanceArabic) | [TR 🇹🇷](https://t.me/TRBinanceTR) | [TR 🇹🇷🌍](https://t.me/BinanceTurkish) | [UA 🇺🇦](https://t.me/BinanceUkrainian) | [UAE 🇦🇪](https://t.me/BinanceMENAEnglish) | [UZ 🇺🇿](https://t.me/binance_uz_community) | [VN 🇻🇳](https://t.me/BinanceVietnamese) | [WA 🌍](https://t.me/binancewestafrica) | [ZA 🇿🇦](https://t.me/BinanceSouthAfrica) 

⚠️ If assistance is ever required, please don't hesitate to reach our team of experts [here](https://binance.com/en/chat/).",,210944655 | views: nan
Telegram,2026-08-24 07:01:33,#communities,,6883862975 | views: nan
Telegram,2026-08-24 07:01:11,"Don’t use other languages here, for others languages join local communities",,2086418073 | views: nan
Telegram,2026-08-24 07:00:17,Good Morning bro💛,,2086418073 | views: nan
Telegram,2026-08-24 06:58:57,"Combot has warned Geronimo (1)
Reason: Using forbidden words",,210944655 | views: nan
Telegram,2026-08-24 06:58:34,GM,,1681737450 | views: nan
Telegram,2026-08-24 06:54:48,How are you,,6883862975 | views: nan
Telegram,2026-08-24 06:50:35,Good Morning!!,,6690546079 | views: nan
Telegram,2026-08-24 06:49:15,I'm good,,7777656733 | views: nan
Telegram,2026-08-24 06:49:11,Good morning ✨️,,6883862975 | views: nan
Telegram,2026-08-24 06:49:05,"I am doing great...
How about you...",,6690546079 | views: nan
Telegram,2026-08-24 06:48:45,Good Morning Teresa...,,6690546079 | views: nan
Telegram,2026-08-24 06:48:44,,,6690546079 | views: nan
Telegram,2026-08-24 06:48:16,how are you sir🫡,,7777656733 | views: nan
Telegram,2026-08-24 06:47:53,Good Morning..,,6690546079 | views: nan
Telegram,2026-08-24 06:47:52,,,6690546079 | views: nan
Telegram,2026-08-24 06:47:06,,,6690546079 | views: nan
Telegram,2026-08-24 06:47:06,Good Morning...,,6690546079 | views: nan
Telegram,2026-08-24 06:46:33,Hi Good Morning...,,6690546079 | views: nan
Telegram,2026-08-24 06:46:29,,,6690546079 | views: nan
Telegram,2026-08-24 06:46:09,Hi Good Morning..,,6690546079 | views: nan
Telegram,2026-08-24 06:46:08,,,6690546079 | views: nan
Telegram,2026-08-24 06:41:31,Good morning,,7206215251 | views: nan
Telegram,2026-08-24 06:40:24,Good morning Binance,,7777656733 | views: nan
Telegram,2026-08-24 06:39:32,Good morning binancians,,5340705899 | views: nan
Telegram,2026-08-24 06:02:29,What's good about boosting?,,8089873413 | views: nan
Telegram,2026-08-24 06:01:17,Hi good morning,,1510649971 | views: nan
Telegram,2026-08-24 06:00:22,Hi!,,8089873413 | views: nan
Telegram,2026-08-24 06:00:06,,,8089873413 | views: nan
Telegram,2026-08-24 05:45:20,"Check this user `7434634812`, potential spammer.",,210944655 | views: nan
Telegram,2026-08-24 05:27:48,"Check this user `8968976419`, potential spammer.",,210944655 | views: nan
Telegram,2026-08-24 05:27:48,`8968976419` is spamming with codes.,,210944655 | views: nan
Telegram,2026-08-24 05:23:24,Good morning All,,5248603048 | views: nan
Telegram,2026-08-24 05:15:13,"How Binance Security Prevented a $1.2M Governance Attack.

https://www.binance.com/en/blog/security/4927395889973763262?ref=UE06QWNK&utm_source=EnglishTelegram&utm_medium=GlobalCommunity&utm_campaign=EnglishAngels",,8012925498 | views: nan
Telegram,2026-08-24 05:10:02,Good morning venky 👀,,996726400 | views: nan
Telegram,2026-08-24 05:08:29,Thanks for Highlighting..,,6690546079 | views: nan
Telegram,2026-08-24 05:07:50,Good Morning..,,6690546079 | views: nan
Telegram,2026-08-24 05:07:47,,,6690546079 | views: nan
Telegram,2026-08-24 05:06:14,"Good morning 
How are you",,1302623431 | views: nan
Telegram,2026-08-24 05:05:58,Aaaah,,1302623431 | views: nan
Telegram,2026-08-24 05:05:08,"@amanbinance @Aminukano @BNB_ANGEL   @dilipbinance @gajender_BNB   @Kerrbox @Naralion  @QuakeBNB @ReGulus18 @Ribka7  @RACNUTA_BNB @catloverS4

⚠️ **WARNING** - Do **NOT** engage with the user **[Money investment] - [**`7820743515`**]**, wait for moderators intervention.",,210944655 | views: nan
Telegram,2026-08-24 05:05:07,/report,,6755663673 | views: nan
Telegram,2026-08-24 05:04:46,@ReGulus18 sir check this user,,6755663673 | views: nan
Telegram,2026-08-24 05:03:10,,,6690546079 | views: nan
Telegram,2026-08-24 04:49:12,Good morning 🎉,,6755663673 | views: nan
Telegram,2026-08-24 04:34:57,👋,,8752174244 | views: nan
Telegram,2026-08-24 04:23:01,Good Morning all,,741798834 | views: nan
Telegram,2026-08-24 04:21:40,Good morning too,,6600476105 | views: nan
Telegram,2026-08-24 04:18:58,Good Morning!!,,6690546079 | views: nan
Telegram,2026-08-24 04:18:47,,,6690546079 | views: nan
Telegram,2026-08-24 04:18:03,Good morning sir...Have a great day... Happy Monday,,6755663673 | views: nan
Google News,2026-08-24 04:12:18,"Binance Staff Faced UAE Questions Over Bank Account Probe - Finimize <a href=""https://news.google.com/rss/articles/CBMijwFBVV95cUxQNnR4Zy10TmQ4eDF0N0RFRHNubWxSMFJPZTRBX2ZNdDF3bUdta3RwbFhaRzljaUtLS1kwRGdBelc2N3VGV3V6em5OREdpR1o3dXZVX3kwZUdBZnNaODFiQUpHekl0U2tRcVIwWnN0Rmp6V2gtenNlMnZmUG5zWHp6OWJpYlZCby1LdmVsTzYxRQ?oc=5"" target=""_blank"">Binance Staff Faced UAE Questions Over Bank Account Probe</a>&nbsp;&nbsp;<font color=""#6f6f6f"">Finimize</font>",,Google News
Telegram,2026-08-24 04:12:12,Thank you Sirrr ☺️,,5926562042 | views: nan
Telegram,2026-08-24 04:11:32,Wishing you the same..,,6690546079 | views: nan
Telegram,2026-08-24 04:11:20,@sunshinebinance,,2086418073 | views: nan
Telegram,2026-08-24 04:10:41,How Was the Weekend Sirrr 🤩Have a Fantastic Start of Monday 😎💛,,5926562042 | views: nan
Telegram,2026-08-24 04:09:14,Good Morning and Happy new week bro,,2086418073 | views: nan
Telegram,2026-08-24 04:08:30,Good Morning Fahad..,,6690546079 | views: nan
Telegram,2026-08-24 04:08:29,,,6690546079 | views: nan
Telegram,2026-08-24 04:08:06,Good Morning Sajid..,,6690546079 | views: nan
Telegram,2026-08-24 04:00:02,"Good Morning beautiful people . New week New opportunity, Have a Great start of Week",,5926562042 | views: nan
Google News,2026-08-24 03:55:47,"Binance: Liquidity Pools Fuel Decentralized Trading - blockchain.news <a href=""https://news.google.com/rss/articles/CBMijAFBVV95cUxOUGptYUg3SlhLSGo0RGJJS0ZkQkxkOEphTG40b2QtejBUeGVaVTNRVUc1VGRRSjJyQVdYZVZ0ZjkyUkd0aUJSR0dSTnZoLUNvY2N5VTRJenlxdk1DSWh0bU81a2lpd0ZzMEpKN3dQd1BMSVYxbG84VHNBQTVCM0d0c3k4WDFhMEcwZ0FXTg?oc=5"" target=""_blank"">Binance: Liquidity Pools Fuel Decentralized Trading</a>&nbsp;&nbsp;<font color=""#6f6f6f"">blockchain.news</font>",,Google News
Telegram,2026-08-24 03:55:44,Good Morning 💛,,7801049844 | views: nan
Telegram,2026-08-24 03:55:03,Good morning Binancians 💛,,6755663673 | views: nan
Telegram,2026-08-24 03:54:13,Good morning,,8028156218 | views: nan
Telegram,2026-08-24 03:39:19,"👩🏼‍💻 ........... ....…......, are you searching for **Customer Support?**

ℹ️ If you encounter problems while using Binance services, you can seek solutions on Binance Live Chat by clicking [HERE ](https://binance.com/en/chat?ref=UE06QWNK&utm_source=EnglishTelegram&utm_medium=GlobalCommunity&utm_campaign=InfoBot)or from the mobile app. The AI bot will suggest solutions based on the information that you provide. 

ℹ️ **To Talk to CS Agent (Human Operator).
**
**Click ""Unsolved"" after bot gave an answer, followed by ""Not relevant"" button and then you get the option ""Transfer to Customer Service""**

ℹ️ You can also search for answers by visiting the [Binance FAQ](https://www.binance.com/en/support/faq?ref=UE06QWNK&utm_source=EnglishTelegram&utm_medium=GlobalCommunity&utm_campaign=InfoBot) page in English; if you still cannot find a solution, please contact a live operator via Binance Live Chat using the guide from [HERE](https://www.binance.com/en/support/faq/how-to-use-binance-support-7b0fd3ccb821483a99ff8f5cda374ee9?ref=UE06QWNK&utm_source=EnglishTelegram&utm_medium=GlobalCommunity&utm_campaign=InfoBot).

⚠️ Ignore any form of private messages, administrators or angels will NEVER contact you via a private message. Choosing to answer any **private messages** represents a high **security risk**. Block and ignore any requests!",,210944655 | views: nan
Telegram,2026-08-24 03:39:18,#support,,6753988569 | views: nan
Telegram,2026-08-24 03:37:21,"It has now been almost two months, and I have provided all the requested videos, photos, ID verification, wallet-control evidence, and transaction details.",,5159062569 | views: nan
Telegram,2026-08-24 03:37:03,GM 🔆,,5461871111 | views: nan
Telegram,2026-08-24 03:36:49,`5159062569` might be spamming with codes.,,210944655 | views: nan
Telegram,2026-08-24 03:36:40,"🔸**Binance English  Admins & Angels: **
@melekbinance, @Ribka7, @Naralion , @ReGulus18, @QuakeBNB, @RACNUTA_BNB, @Sayedbinance, @Aminukano, @amanbinance, @BNB_ANGEL, @gajender_BNB , @dilipbinance,",,210944655 | views: nan
Telegram,2026-08-24 03:36:39,#admin,,6753988569 | views: nan
Telegram,2026-08-24 03:36:24,Soon bro,,6753988569 | views: nan
Telegram,2026-08-24 03:35:48,Good morning,,6244862584 | views: nan
Telegram,2026-08-24 03:33:09,Good morning,,2062079827 | views: nan
Telegram,2026-08-24 03:33:04,"👩🏼‍💻 ........... ....…......, are you searching for **Customer Support?**

ℹ️ If you encounter problems while using Binance services, you can seek solutions on Binance Live Chat by clicking [HERE ](https://binance.com/en/chat?ref=UE06QWNK&utm_source=EnglishTelegram&utm_medium=GlobalCommunity&utm_campaign=InfoBot)or from the mobile app. The AI bot will suggest solutions based on the information that you provide. 

ℹ️ **To Talk to CS Agent (Human Operator).
**
**Click ""Unsolved"" after bot gave an answer, followed by ""Not relevant"" button and then you get the option ""Transfer to Customer Service""**

ℹ️ You can also search for answers by visiting the [Binance FAQ](https://www.binance.com/en/support/faq?ref=UE06QWNK&utm_source=EnglishTelegram&utm_medium=GlobalCommunity&utm_campaign=InfoBot) page in English; if you still cannot find a solution, please contact a live operator via Binance Live Chat using the guide from [HERE](https://www.binance.com/en/support/faq/how-to-use-binance-support-7b0fd3ccb821483a99ff8f5cda374ee9?ref=UE06QWNK&utm_source=EnglishTelegram&utm_medium=GlobalCommunity&utm_campaign=InfoBot).

⚠️ Ignore any form of private messages, administrators or angels will NEVER contact you via a private message. Choosing to answer any **private messages** represents a high **security risk**. Block and ignore any requests!",,210944655 | views: nan
Telegram,2026-08-24 03:33:03,"Please ask in #Support for assistance. Note that there is no official support on Telegram, so be cautious of scams and avoid engaging with unsolicited messages or sharing any personal information.",,2062079827 | views: nan
Telegram,2026-08-24 03:25:11,Good morning,,6913278195 | views: nan
Telegram,2026-08-24 03:20:18,"It has now been almost **two months**, and I have fully provided all the requested **videos, photos, ID verification, wallet-control evidence, and transaction details**.
Please tell me clearly: **what exactly do you still need from me?** I have continued providing everything requested, but each time there seems to be another requirement.
I am ready to cooperate, but I need to know specifically **what is still missing so this recovery case can finally be resolved.**",,5159062569 | views: nan
Telegram,2026-08-24 03:19:05,"Hello Binance Support, it has now been almost two months since I started requesting help with my asset recovery. I have fully cooperated and provided all the requested videos, photos, ID verification, wallet evidence, and transaction details.

I understand the need for security checks, but after two months of repeatedly providing evidence, I would really appreciate a clear explanation of what is still missing and why my case has not yet been resolved.

Please review everything I have already submitted and help bring this case to a resolution. Thank you.",,5159062569 | views: nan
Telegram,2026-08-24 03:16:59,"Hello Binance Support Team,

I need some clarification regarding my ongoing asset recovery case.

I have been cooperating fully and have already provided my ID card, TxID, transaction details, source wallet address, destination Binance hot-wallet address, and the requested video showing my control/access to the source wallet using Electrum. I have also provided the Electrum download information requested by support.

My concern is: why do I keep being asked for more and more evidence when I have already provided extensive information to establish my identity and control of the wallet?

I completely understand that Binance must follow strict security procedures before recovering assets. However, I would appreciate it if someone could clearly explain what exactly is still missing or has not yet been verified.

I am willing to cooperate with any legitimate verification requirement, but I would like the review team to consider all the evidence I have already submitted and tell me specifically what additional verification is necessary and why.

For security reasons, I will not share my private key or seed phrase with anyone, including through Telegram.

Thank you. I would appreciate assistance from an official Binance representative regarding this case.",,5159062569 | views: nan
Telegram,2026-08-24 03:11:34,"Winner will be announced soon, keep eye on announcement channel💛",,2086418073 | views: nan
Telegram,2026-08-24 03:11:04,Good Morning,,2086418073 | views: nan
Telegram,2026-08-24 03:10:47,When will the winners be announced?,,7452920805 | views: nan
Telegram,2026-08-24 03:08:58,Good morning,,5248603048 | views: nan
Google News,2026-08-24 02:45:20,"Word of the Day: Test Your Knowledge on “Gen Z Investing” to Unlock BNB Rewards! - Binance <a href=""https://news.google.com/rss/articles/CBMikAFBVV95cUxQRXpuRjNvLWFKR2NncEFIRlRWdFpiWWQ1bzZtdUxFWndBNGdENWhtTlUtZEZxa3kzbzJjd29tUXVObVhnYWg4bnBMdGtaaTVuYTU1X1VZLVBOay1lOFN3MkN1dzhKZmh4VVBYbUFNXzZFaEFpTVFCd25SQmw3Z2h0VFJjNzBaV3JEand2Y3RuS0Q?oc=5"" target=""_blank"">Word of the Day: Test Your Knowledge on “Gen Z Investing” to Unlock BNB Rewards!</a>&nbsp;&nbsp;<font color=""#6f6f6f"">Binance</font>",,Google News
Telegram,2026-08-24 02:35:35,Good morning everyone,,6662527143 | views: nan
Telegram,2026-08-24 02:33:03,Thank you guys,,1973183312 | views: nan
Telegram,2026-08-24 02:32:15,Banned from here. If you reported it will help i just did so as well,,884797251 | views: nan
Telegram,2026-08-24 02:11:00,"What he does with you , write it on the report",,6311741493 | views: nan
Telegram,2026-08-24 02:10:01,"I see.

What should I write in the report?",,1973183312 | views: nan
Telegram,2026-08-24 02:09:37,.,,6216549680 | views: nan
Telegram,2026-08-24 02:08:38,You can see 3dot icon at your screen in top right corner click on it you can see a report option tap on it and simply report him,,6311741493 | views: nan
Telegram,2026-08-24 02:06:52,How report?,,1973183312 | views: nan
Telegram,2026-08-24 02:05:28,Just report & block him . Stay Safu,,6311741493 | views: nan
Telegram,2026-08-24 01:04:00,"CraigJonesGroupIBxL11
This id is a fake account",,1973183312 | views: nan
Telegram,2026-08-24 01:03:43,Damn,,1973183312 | views: nan
Telegram,2026-08-24 01:03:40,`1973183312` might be spamming with codes.,,210944655 | views: nan
Telegram,2026-08-24 01:03:23,`1973183312` might be spamming with codes.,,210944655 | views: nan
Telegram,2026-08-24 01:02:47,Can you show me?,,1973183312 | views: nan
Telegram,2026-08-24 01:02:03,Go to their profile tap the three dots in the top right and select Report,,6841656568 | views: nan
Telegram,2026-08-24 00:57:55,Only a fake account,,1973183312 | views: nan
Telegram,2026-08-24 00:57:37,No,,1973183312 | views: nan
Telegram,2026-08-24 00:57:16,Is the fake account one of the group members?,,6841656568 | views: nan
Telegram,2026-08-24 00:55:31,How can i report a fake account???,,1973183312 | views: nan
Telegram,2026-08-24 00:54:47,"Good evening or good morning, depending on the time zone.",,869562253 | views: nan
Telegram,2026-08-24 00:54:32,"ORG X4  **__You Can Start From our Academy for free following the links below! 🎓📚__**

🏷️ [Welcome to Crypto](https://academy.binance.com/en/start-here/?ref=UE06QWNK&utm_source=EnglishTelegram&utm_medium=GlobalCommunity&utm_campaign=InfoBot)

📚 [Tutorials](https://academy.binance.com/en/articles/tags/tutorials?ref=UE06QWNK&utm_source=EnglishTelegram&utm_medium=GlobalCommunity&utm_campaign=InfoBot)

📈 [Technical Analysis](https://academy.binance.com/en/articles/tags/technical-analysis?ref=UE06QWNK&utm_source=EnglishTelegram&utm_medium=GlobalCommunity&utm_campaign=InfoBot)

👛 [Wallets](https://academy.binance.com/en/articles/tags/wallet?ref=UE06QWNK&utm_source=EnglishTelegram&utm_medium=GlobalCommunity&utm_campaign=InfoBot)

🎖 [Essentials](https://academy.binance.com/en/articles/tags/essentials?ref=UE06QWNK&utm_source=EnglishTelegram&utm_medium=GlobalCommunity&utm_campaign=InfoBot)

🎓 [Beginner Track](https://academy.binance.com/en/track/beginner-track?ref=UE06QWNK&utm_source=EnglishTelegram&utm_medium=GlobalCommunity&utm_campaign=InfoBot)

**__Remember to do your own research and consider your investment goals before making any decisions. 🫵__**

Stay **__#SAFU__****__.__**",,210944655 | views: nan
Telegram,2026-08-24 00:54:30,#academy,,6841656568 | views: nan
Telegram,2026-08-24 00:54:02,Scammer?,,1973183312 | views: nan
Telegram,2026-08-24 00:53:54,How can i report a fake account?,,1973183312 | views: nan
Telegram,2026-08-24 00:47:48,Can someone explain to me how to get coins?,,8206310011 | views: nan
Telegram,2026-08-24 00:24:04,good morning,,1376150713 | views: nan
Trustpilot,2026-08-24 00:07:12,"I have had money with Binance since 2017 and never touched it. Due to a regulatory crackdown, they had to split the international and US exchanges. I am stuck in the international exchange and cannot get on the US exchange because I live in Texas. My account has been suspended because it is not verified. But I can't verify on the foreign exchange or US exchange. Now they sent me a notice that if I don't withdraw my money within 30 days they will close the account. Obviously they a looking to steal my money with no recourse. Stay away from these people.",1.0,I have had money with Binance since… | DE
Trustpilot,2026-08-24 00:07:12,,, | 
Trustpilot,2026-08-24 00:07:12,,, | 
Trustpilot,2026-08-24 00:07:12,,, | 
Trustpilot,2026-08-24 00:07:12,,, | 
Trustpilot,2026-08-24 00:07:12,,, | 
Telegram,2026-08-24 00:06:19,Good morning all 🍀,,1851847824 | views: nan
Telegram,2026-08-24 00:03:06,GM!,,6817198094 | views: nan
Telegram,2026-08-23 23:18:42,I'm definitely a night owl  🦉,,6841656568 | views: nan
Telegram,2026-08-23 22:58:32,BTC correction,,605149298 | views: nan
Telegram,2026-08-23 22:57:53,Olá pessoal ✌️😎,,8846528117 | views: nan
Telegram,2026-08-23 22:53:32,😁,,1011520149 | views: nan
Telegram,2026-08-23 22:46:42,Sleeping time bro😂,,1498807088 | views: nan
Telegram,2026-08-23 22:46:32,,,1498807088 | views: nan
Telegram,2026-08-23 22:46:28,Lol😂😂,,1498807088 | views: nan
Telegram,2026-08-23 22:46:20,Good night 😎,,1498807088 | views: nan
Telegram,2026-08-23 22:42:34,Hi fam,,1124310330 | views: nan
Telegram,2026-08-23 22:41:38,Good morning! Happy monday 💛,,7828631016 | views: nan
Telegram,2026-08-23 22:30:01,,,6841656568 | views: nan
Telegram,2026-08-23 22:15:15,Olá pessoal,,8846528117 | views: nan
Telegram,2026-08-23 21:36:30,What is going on here,,6265943875 | views: nan
Telegram,2026-08-23 21:32:20,What is going on here,,7891116297 | views: nan
Telegram,2026-08-23 21:14:41,,,6283677931 | views: nan
Telegram,2026-08-23 20:49:48,"Ruslan Anderson, we also have a group dedicated to [Binance Russia](https://t.me/BinanceRussianSpeaking).",,210944655 | views: nan
Telegram,2026-08-23 20:44:54,,,6283677931 | views: nan
Telegram,2026-08-23 20:28:41,😁,,8248823111 | views: nan
Telegram,2026-08-23 20:16:28,,,6283677931 | views: nan
Telegram,2026-08-23 20:15:12,`804863336` might be spamming with codes.,,210944655 | views: nan
Telegram,2026-08-23 20:15:05,"Ribka, how is your city? 

I mean, what sound can you hear currently?",,2056772993 | views: nan
Telegram,2026-08-23 20:09:17,"Okay, thanks",,8604907585 | views: nan
Telegram,2026-08-23 20:08:15,I removed the screen shot from here so nobody else can use it,,611740329 | views: nan
Telegram,2026-08-23 20:07:34,,,611740329 | views: nan
Telegram,2026-08-23 20:07:15,"Yes, it's the same.",,8604907585 | views: nan
Telegram,2026-08-23 20:06:43,Noted ✅️ is the buid the same like you send before ?,,611740329 | views: nan
Telegram,2026-08-23 19:59:43,Im not allowed to message first. You can place it here I will check it,,611740329 | views: nan
Telegram,2026-08-23 19:59:05,Same boat 🚢,,611740329 | views: nan
Telegram,2026-08-23 19:58:24,Good evening. I'm having trouble sending a DM about the screenshot of this week's Kahoot. It says you should message me first.,,8604907585 | views: nan
Telegram,2026-08-23 19:44:56,,,918503070 | views: nan
Telegram,2026-08-23 19:43:46,,,8521292758 | views: nan
Telegram,2026-08-23 19:41:06,,,6283677931 | views: nan
Telegram,2026-08-23 19:40:55,Wow really? Here it's becoming rarer,,8521292758 | views: nan
Telegram,2026-08-23 19:40:50,,,7875965951 | views: nan
Telegram,2026-08-23 19:40:25,😢,,2065947646 | views: nan
Telegram,2026-08-23 19:40:20,I’ve never seen snow; it has never snowed in my city.,,2065947646 | views: nan
Telegram,2026-08-23 19:38:34,,,6283677931 | views: nan
Telegram,2026-08-23 19:37:35,,,7875965951 | views: nan
Telegram,2026-08-23 19:37:08,"Ohh great, enjoy the snow and christmas 🐇",,8521292758 | views: nan
Telegram,2026-08-23 19:37:00,,,6283677931 | views: nan
Telegram,2026-08-23 19:36:48,,,8521292758 | views: nan
Telegram,2026-08-23 19:35:44,"all fine here, in winter 😊",,2065947646 | views: nan
Telegram,2026-08-23 19:35:43,I'm completely relaxed,,7875965951 | views: nan
Telegram,2026-08-23 19:34:29,How are you? How's paradize?,,8521292758 | views: nan
Telegram,2026-08-23 19:34:12,,,8521292758 | views: nan
Telegram,2026-08-23 19:34:09,,,2065947646 | views: nan
Telegram,2026-08-23 19:33:48,Henlo,,8521292758 | views: nan
Telegram,2026-08-23 19:29:56,Wher you from,,7517999918 | views: nan
Telegram,2026-08-23 19:28:16,Ok,,7517999918 | views: nan
Telegram,2026-08-23 19:27:58,Good pice,,7517999918 | views: nan
Telegram,2026-08-23 19:27:35,Token not found,,6964874762 | views: nan
Telegram,2026-08-23 19:26:46,Bnb,,7517999918 | views: nan
Telegram,2026-08-23 19:25:49,Yes,,7517999918 | views: nan
Telegram,2026-08-23 19:21:55,Binance 😉,,918503070 | views: nan
Telegram,2026-08-23 19:19:49,,,6283677931 | views: nan
Telegram,2026-08-23 19:17:24,Hey everyone,,6479261516 | views: nan
Telegram,2026-08-23 19:17:16,Bro I am blocking instantly scammers,,8680910806 | views: nan
Telegram,2026-08-23 19:15:42,Whose bibi 😂,,1581203887 | views: nan
Telegram,2026-08-23 19:10:28,"I liked BIBI too much 
I hope it comes to me soon 💓",,918503070 | views: nan
Telegram,2026-08-23 19:09:48,,,2065947646 | views: nan
Telegram,2026-08-23 19:09:23,,,918503070 | views: nan
Telegram,2026-08-23 19:08:24,Congratulations 🎊,,1302623431 | views: nan
Telegram,2026-08-23 19:05:51,,,2065947646 | views: nan
Telegram,2026-08-23 19:05:08,🆒,,918503070 | views: nan
Telegram,2026-08-23 19:04:50,,,2065947646 | views: nan
Telegram,2026-08-23 19:04:20,How is your trading going on,,918503070 | views: nan
Telegram,2026-08-23 19:03:21,"@RACNUTA_BNB sir ....
You're not present at that time thou....",,918503070 | views: nan
Telegram,2026-08-23 19:01:33,,,2065947646 | views: nan
Telegram,2026-08-23 19:01:16,Need your gif reaction rn,,918503070 | views: nan
Telegram,2026-08-23 19:00:54,,,918503070 | views: nan
Telegram,2026-08-23 19:00:36,,,918503070 | views: nan
Telegram,2026-08-23 18:51:07,,,2065947646 | views: nan
Telegram,2026-08-23 18:47:36,Ok,,8680910806 | views: nan
Telegram,2026-08-23 18:47:04,@ashu_antil9630 👆,,2065947646 | views: nan
Telegram,2026-08-23 18:44:59,@RACNUTA_BNB,,6283677931 | views: nan
Telegram,2026-08-23 18:44:19,"@amanbinance @Aminukano @BNB_ANGEL   @dilipbinance @gajender_BNB   @Kerrbox @Naralion  @QuakeBNB @ReGulus18 @Ribka7  @RACNUTA_BNB @catloverS4

⚠️ **WARNING** - Do **NOT** engage with the user **[Vyukem] - [**`1503315717`**]**, wait for moderators intervention.",,210944655 | views: nan
Telegram,2026-08-23 18:44:18,/report,,6283677931 | views: nan
Telegram,2026-08-23 18:44:14,"🔸**Binance English  Admins & Angels: **
@melekbinance, @Ribka7, @Naralion , @ReGulus18, @QuakeBNB, @RACNUTA_BNB, @Sayedbinance, @Aminukano, @amanbinance, @BNB_ANGEL, @gajender_BNB , @dilipbinance,",,210944655 | views: nan
Telegram,2026-08-23 18:44:12,#admin,,6283677931 | views: nan
Telegram,2026-08-23 18:43:30,Thanks guys. I appreciate your consideration,,8041302808 | views: nan
Telegram,2026-08-23 18:39:19,Bro How to use binance Kryptomate,,8680910806 | views: nan
Telegram,2026-08-23 18:38:22,Hmm bro,,8680910806 | views: nan
Telegram,2026-08-23 18:35:48,,,6283677931 | views: nan
Telegram,2026-08-23 18:34:37,Seeing u here 😁,,1581203887 | views: nan
Telegram,2026-08-23 18:34:25,"If you want to learn trade, you first need to lay the foundations of this business. You should improve yourself in areas such as following the markets and reading charts. Patience is one of the most important virtues in this business, acting hastily usually results in loss. You have to create your own strategy and stick to it. Risk management is also a must, you should always remember to stop loss. You have to be open to continuous learning, because the markets are constantly changing. As you start small and gain experience,",,8688583573 | views: nan
Telegram,2026-08-23 18:34:13,Yeah,,8680910806 | views: nan
Telegram,2026-08-23 18:33:43,What a surprise 😁,,1581203887 | views: nan
Telegram,2026-08-23 18:33:21,3670+ messages 😂😂,,8680910806 | views: nan
Telegram,2026-08-23 18:28:34,@Hamson42 check here,,2065947646 | views: nan
Telegram,2026-08-23 18:27:58,Can you help me through all,,8041302808 | views: nan
Telegram,2026-08-23 18:26:45,,,6283677931 | views: nan
Telegram,2026-08-23 18:26:35,Learn first,,1203025138 | views: nan
Telegram,2026-08-23 18:26:15,"Hamson Kwesiga  **__You Can Start From our Academy for free following the links below! 🎓📚__**

🏷️ [Welcome to Crypto](https://academy.binance.com/en/start-here/?ref=UE06QWNK&utm_source=EnglishTelegram&utm_medium=GlobalCommunity&utm_campaign=InfoBot)

📚 [Tutorials](https://academy.binance.com/en/articles/tags/tutorials?ref=UE06QWNK&utm_source=EnglishTelegram&utm_medium=GlobalCommunity&utm_campaign=InfoBot)

📈 [Technical Analysis](https://academy.binance.com/en/articles/tags/technical-analysis?ref=UE06QWNK&utm_source=EnglishTelegram&utm_medium=GlobalCommunity&utm_campaign=InfoBot)

👛 [Wallets](https://academy.binance.com/en/articles/tags/wallet?ref=UE06QWNK&utm_source=EnglishTelegram&utm_medium=GlobalCommunity&utm_campaign=InfoBot)

🎖 [Essentials](https://academy.binance.com/en/articles/tags/essentials?ref=UE06QWNK&utm_source=EnglishTelegram&utm_medium=GlobalCommunity&utm_campaign=InfoBot)

🎓 [Beginner Track](https://academy.binance.com/en/track/beginner-track?ref=UE06QWNK&utm_source=EnglishTelegram&utm_medium=GlobalCommunity&utm_campaign=InfoBot)

**__Remember to do your own research and consider your investment goals before making any decisions. 🫵__**

Stay **__#SAFU__****__.__**",,210944655 | views: nan
Telegram,2026-08-23 18:26:14,#Academy,,6283677931 | views: nan
Telegram,2026-08-23 18:26:02,,,6283677931 | views: nan
Telegram,2026-08-23 18:25:52,I am back after 4 years. What is the hottest meme coin in the market now?,,1293744625 | views: nan
Telegram,2026-08-23 18:24:29,I want to trade,,8041302808 | views: nan
Telegram,2026-08-23 18:22:47,"@amanbinance @Aminukano @BNB_ANGEL   @dilipbinance @gajender_BNB   @Kerrbox @Naralion  @QuakeBNB @ReGulus18 @Ribka7  @RACNUTA_BNB @catloverS4

⚠️ **WARNING** - Do **NOT** engage with the user **[snow man] - [**`6542926505`**]**, wait for moderators intervention.",,210944655 | views: nan
Telegram,2026-08-23 18:21:46,/report,,5146759073 | views: nan
Telegram,2026-08-23 18:18:45,👍,,8043278889 | views: nan
Telegram,2026-08-23 18:18:14,,,6283677931 | views: nan
Telegram,2026-08-23 18:10:43,👍,,8043278889 | views: nan
Telegram,2026-08-23 18:08:39,,,6283677931 | views: nan
Telegram,2026-08-23 18:08:02,Good night everyone,,8105227793 | views: nan
Telegram,2026-08-23 18:07:55,This is what happens when your portfolio goes -90% and your only support system is a friend with a mug 😂,,5926562042 | views: nan
Telegram,2026-08-23 18:07:39,,,2065947646 | views: nan
Telegram,2026-08-23 18:03:31,,,6283677931 | views: nan
Telegram,2026-08-23 18:01:49,Hi,,7333337954 | views: nan
Telegram,2026-08-23 18:01:13,U are Rich 💰,,5565785441 | views: nan
Telegram,2026-08-23 17:54:46,,,6755663673 | views: nan
Telegram,2026-08-23 17:53:02,,,6283677931 | views: nan
Telegram,2026-08-23 17:50:29,I don’t  find ur name... I Can't  find my name too 😁,,6755663673 | views: nan
Telegram,2026-08-23 17:49:51,where is my name 🫢😂😂,,6283677931 | views: nan
Google Play,2026-08-23 14:15:52,Good app,5.0,Opul Nginya | 👍 0
Google Play,2026-08-23 14:07:05,good,5.0,Muhammad Amir | 👍 0
Google Play,2026-08-23 13:50:33,ai aye don't like,1.0,Eyob Eyob tesfay | 👍 0
Google Play,2026-08-23 13:39:12,good,5.0,Malammusa tv | 👍 0
Google Play,2026-08-23 13:35:44,Binance is the most secure and reliable crypto plateform the enter face is very user friendly for both buying and trading highly recommended,5.0,Kashif Khan | 👍 0
Google Play,2026-08-23 13:28:46,good,5.0,Asim Rathore | 👍 0
Google Play,2026-08-23 13:27:35,nice,3.0,Ranahaladar | 👍 0
Google Play,2026-08-23 13:13:58,we trust,5.0,karim hashem | 👍 0
Google Play,2026-08-23 13:07:01,Very Trustworthy,5.0,Elvis Obeng Ofosu | 👍 0
Google Play,2026-08-23 13:05:26,Binance is very good.,5.0,Ntambama Ntshangase | 👍 0
Google Play,2026-08-23 13:04:21,best market for cripto,5.0,Dgfch Ghgx | 👍 0
Google Play,2026-08-23 12:57:44,I love this app,5.0,King Tanoli | 👍 0
Google Play,2026-08-23 12:52:17,very nice,5.0,Khairul 07 | 👍 0
Google News,2026-08-23 12:41:08,"Binance bStocks and xStocks account for 70% of DEX trading volume in tokenized equities - Crypto Briefing <a href=""https://news.google.com/rss/articles/CBMiekFVX3lxTE93d2pRRE9xcWVNZmtLbmJpNzBxUV96SXBiTlBNSE9rMzN6Q0pCVFBhbjE4V2NkbW9sQ1JiMjFJaFFQVTNrcDJEanFHd1JKRkhsaTVZMlUzLWUxYlQ3eTRQZW9NTFNFRm1uM3JEeUw0blhzTUxWYjI2OHVB?oc=5"" target=""_blank"">Binance bStocks and xStocks account for 70% of DEX trading volume in tokenized equities</a>&nbsp;&nbsp;<font color=""#6f6f6f"">Crypto Briefing</font>",,Google News
Google Play,2026-08-23 12:39:26,very nice,5.0,Mahesh Pratap | 👍 0
Google Play,2026-08-23 12:37:51,sot,5.0,MD RAJU SARDER | 👍 0
Google Play,2026-08-23 12:29:02,I love u binance,5.0,Tubaa Olbaa | 👍 0
Google Play,2026-08-23 12:23:08,start par bilkul free hona chahiye tha baqi sb ok hai,5.0,Muhammad Shafi salik | 👍 0
Google Play,2026-08-23 12:18:20,Excelente!,5.0,euclides morais | 👍 0
Google Play,2026-08-23 12:18:09,"Not stable, always hanging",1.0,chi susie | 👍 0
Google Play,2026-08-23 12:05:00,great platform,5.0,Charlie Chang | 👍 0
Google Play,2026-08-23 12:03:56,good for me,4.0,Simone Lukas | 👍 0
Google Play,2026-08-23 11:53:00,good,5.0,Rana Mandal | 👍 0
Google Play,2026-08-23 11:28:27,good,5.0,Riaz Chandia | 👍 0
Google Play,2026-08-23 11:27:55,nice,5.0,Soumen Mondal | 👍 0
Google Play,2026-08-23 11:20:48,good app to use,5.0,Lucy sekai Moyo | 👍 0
Google Play,2026-08-23 11:13:40,super,5.0,Loveleen Handa | 👍 0
Google Play,2026-08-23 11:12:35,good,4.0,arvind chaudhary | 👍 0
Google Play,2026-08-23 11:02:22,good seller 💯,5.0,Shahzad Shah | 👍 0
Google Play,2026-08-23 10:59:38,nice apps,3.0,MT VLOG'S | 👍 0
Google Play,2026-08-23 10:52:47,"Best crypto app ever! ⭐️⭐️⭐️⭐️⭐️""",5.0,Hluf Brhanu | 👍 0
Google Play,2026-08-23 10:51:07,best trading,2.0,jaxsonlex Chris | 👍 0
Google Play,2026-08-23 10:49:05,nice,5.0,Md Yeasin Ibn Kabir | 👍 0
Google Play,2026-08-23 10:48:15,good,5.0,Azizur Rahman | 👍 0
Google Play,2026-08-23 10:42:36,3 Best,3.0,markanda mehera | 👍 0
Google Play,2026-08-23 10:42:25,It's a good wallet to use,5.0,Anotidaishe Magengezha | 👍 0
Google Play,2026-08-23 10:40:42,nice,5.0,Hardik Dhakal | 👍 0
Google Play,2026-08-23 10:40:32,super,5.0,ilmi Dunya | 👍 0
Google Play,2026-08-23 10:18:31,good,3.0,Md Rokan | 👍 0
Google Play,2026-08-23 10:18:21,"I,m enjoying binance",3.0,Bello Ibrahim | 👍 0
Google Play,2026-08-23 10:17:17,this app is ammesing,5.0,Jai Gowshik | 👍 0
Google Play,2026-08-23 10:06:21,it's amazing app and I am very happy to using this app,5.0,wali khan | 👍 0
Google Play,2026-08-23 09:48:36,good,5.0,Viraj Madushan | 👍 0
Google Play,2026-08-23 09:46:35,it's the best and reliable,5.0,Mac Anthony | 👍 0
Google Play,2026-08-23 09:45:13,awesome,5.0,Somesh Jha | 👍 0
Google Play,2026-08-23 09:43:38,very nice trending platforms,5.0,Dipak Rathod | 👍 0
Google Play,2026-08-23 09:14:48,working app,5.0,Babar Ali | 👍 0
Google Play,2026-08-23 09:14:32,I love thik app,5.0,Achinabiayshu Fmly | 👍 0
Google Play,2026-08-23 08:59:21,oky bute.???,3.0,Rejaul Mia | 👍 0
Google Play,2026-08-23 08:58:55,good 👍,5.0,RS Rahman | 👍 0
Google Play,2026-08-23 08:56:21,best app for me,5.0,Subrat kumar Pradhan | 👍 1
Google Play,2026-08-23 08:55:36,🤝,5.0,Ibrahim Umar | 👍 0
Google Play,2026-08-23 08:41:34,nice,5.0,Sameer Khan | 👍 0
Google Play,2026-08-23 08:35:51,excellent customer service,5.0,Justus Wanjala | 👍 0
Google Play,2026-08-23 08:33:17,better,5.0,Amit biranya HR 16 Aala | 👍 0
Google Play,2026-08-23 08:31:48,nice,4.0,Md Oli mia | 👍 0
Google Play,2026-08-23 08:20:29,very good,3.0,Rehman Aslam | 👍 0
Google Play,2026-08-23 08:14:28,thanks to all binance team,5.0,faizan rehman | 👍 0
Google Play,2026-08-23 08:03:10,very good 👍,5.0,M Shayan | 👍 0
Google Play,2026-08-23 07:39:32,good,5.0,MD Rubel | 👍 0
Google Play,2026-08-23 07:38:09,very good,5.0,sagar chauhan | 👍 0
Google Play,2026-08-23 07:37:12,😉😗,5.0,Fasih Ahmad | 👍 0
Google Play,2026-08-23 07:34:56,this very good,5.0,Mdkawsarul Islam | 👍 0
Google Play,2026-08-23 07:29:49,Good,5.0,Tarek Hossen | 👍 1
Google Play,2026-08-23 07:14:06,🖤,5.0,Keshav Sharma | 👍 0
Google Play,2026-08-23 07:03:36,great app,5.0,Theodore Njoh unduwah | 👍 0
Google Play,2026-08-23 07:02:38,Great application,5.0,Sandeep Guria (Sandy) | 👍 0
Google Play,2026-08-23 06:54:22,good,4.0,Faisal Nadeem | 👍 0
Google Play,2026-08-23 06:48:01,Like!,5.0,Khin Yadanar Oo | 👍 0
Google Play,2026-08-23 06:42:58,I am satisfied 😊 But My one problem don't change account Gmail,1.0,Tushar Ahmed | 👍 0
Google Play,2026-08-23 06:41:11,have fun,2.0,Ssubir705 Subir | 👍 0
Google Play,2026-08-23 06:39:25,more comfortable than other exchanges,4.0,Ajay Gautam | 👍 0
Google Play,2026-08-23 06:36:53,nice exchenger..,5.0,Habibpubg Game | 👍 0
Google Play,2026-08-23 06:34:27,😊,5.0,Taashi Doll | 👍 0
Google Play,2026-08-23 06:31:56,good,5.0,Sharma boy Nikhil vermia | 👍 0
Google Play,2026-08-23 06:12:50,good,5.0,Ram Ji | 👍 0
Google Play,2026-08-23 06:11:56,good,5.0,Nawed Khan | 👍 0
Google Play,2026-08-23 06:07:28,excellent.,5.0,Soft Feeling well | 👍 0
Google Play,2026-08-23 06:07:21,Very Good!,5.0,zulfica kyaw | 👍 0
Google Play,2026-08-23 06:01:18,good👍,5.0,Himanshu Rajput | 👍 0
Google Play,2026-08-23 05:58:30,super,5.0,Atul Jatav | 👍 0
Google Play,2026-08-23 05:37:24,I am new. but I have no awards.,4.0,Rao burhan | 👍 0
Google Play,2026-08-23 04:48:54,This is the best app and cripto treding platform guys realy,5.0,Biruk Welde | 👍 1
Google Play,2026-08-23 04:34:58,this is the best app,5.0,Mastan vali Shiak | 👍 0
Google Play,2026-08-23 04:30:54,"⭐⭐⭐⭐⭐ Binance is one of the best crypto trading apps I have used. The app is fast, easy to use, and offers a wide range of cryptocurrencies and useful trading tools. I also like the simple interface, market tracking, and wallet features. Overall, Binance provides a professional and convenient experience for both beginners and experienced crypto users. Highly recommended! 🚀₿ amir mayo💯🏅👍",5.0,abcd efghi | 👍 0
Google Play,2026-08-23 04:20:15,good App,5.0,Rais Fizan | 👍 0
Google Play,2026-08-23 04:03:45,good 👍👍👍,5.0,Ho Nor | 👍 0
Google Play,2026-08-23 03:33:28,love you Binance 👍🏾,5.0,Kingsley Ndaeyo | 👍 0
Google Play,2026-08-23 03:30:32,good,5.0,Jarai Jalloh | 👍 0
Google Play,2026-08-23 02:03:31,it's good,5.0,Md Sohan Miah | 👍 0
Google Play,2026-08-23 01:22:28,nice,5.0,Mustefa Hamidino | 👍 0
Google Play,2026-08-23 01:21:06,nc aps,1.0,MD Deba Raj | 👍 0
Google Play,2026-08-23 00:34:18,good app,5.0,SHABIR AL-MALISHI | 👍 0
Google Play,2026-08-23 00:13:39,good 👍,5.0,Long Sleep | 👍 0
Google Play,2026-08-23 00:05:08,very helpful,5.0,smart waqar | 👍 0
Google Play,2026-08-23 00:00:09,it's a cool platform,5.0,Cliff Mugogo | 👍 0
Google Play,2026-08-22 23:56:14,nice app experience but why does it take time to load charts please fix this,5.0,DIKE CHINONSO | 👍 0
Google Play,2026-08-22 23:46:33,highly sufficient,5.0,Akiidz Pro256Ug | 👍 0
Google Play,2026-08-22 23:38:02,good,2.0,Kirubel Yared | 👍 0
Google Play,2026-08-22 23:35:41,good,5.0,Juan Villalobos | 👍 0
Google Play,2026-08-22 23:35:29,good,5.0,Nano Khan | 👍 0
Google Play,2026-08-22 22:41:14,I have registered since 2019 that I did not receive any beneficiary from international cross border payment.,5.0,Albert Yaw | 👍 0
Google Play,2026-08-22 22:34:39,good,5.0,richardson christian | 👍 0
Google Play,2026-08-22 22:32:02,Great 👍,5.0,Neera Abbas | 👍 0
Google Play,2026-08-22 22:26:19,nice,5.0,Kamran Khan | 👍 0
Google Play,2026-08-22 22:13:49,"je ne recommande pas cette application, j'ai ouvert un compte sur mon ancien portable et maintenant ceci est cassé et je ne peux plus ouvrir l'application parceque a chaque fois il demande de vérifier depuis ce portable alors que j'ai besoin de récupérer mon argent. c'est vraiment une catastrophe je ne recommande pas",1.0,AREZKI Hanane | 👍 0
Google Play,2026-08-22 21:51:50,this app has been doing well since I had been using it.,5.0,IBRAHIM SIKIRU | 👍 0
Google Play,2026-08-22 21:36:00,ok,5.0,Borhan Uddin | 👍 0
Google Play,2026-08-22 21:33:55,good trad,5.0,Jaffer Shadik (Jaffer shadik) | 👍 0
Google Play,2026-08-22 21:30:11,Great reliable site to buy and sell Crypto,5.0,Fairways | 👍 0
Google Play,2026-08-22 21:28:41,buyer delayed,2.0,Alice Phionah | 👍 0
Google Play,2026-08-22 21:28:01,vary good Application for world trade Business.,5.0,Yousuf Miah | 👍 0
Google Play,2026-08-22 21:19:10,Good opportunity for earn money,5.0,Nagendra Goud | 👍 0
Google Play,2026-08-22 21:18:35,I like it binance app,5.0,Muhammad Qasim | 👍 0
Google Play,2026-08-22 21:04:58,good,3.0,Akash Chowdary | 👍 0
Google Play,2026-08-22 21:01:52,good 👍😊😊👍👍👍,5.0,Kala bai | 👍 0
Google Play,2026-08-22 20:59:54,wonderful website ❤️,5.0,Syed Imran Hossen fahim | 👍 0
Google Play,2026-08-22 20:47:24,good,5.0,Adrija Biswas | 👍 0
Google Play,2026-08-22 20:44:44,Awesome 😎,5.0,DEADSHOT | 👍 0
Google Play,2026-08-22 20:41:49,best for cryptocurrency app and exchange 💱,5.0,Nasir Sultan | 👍 0
Google Play,2026-08-22 20:35:32,so nice,5.0,Md Usman Goni | 👍 0
Google Play,2026-08-22 20:25:45,super,4.0,Ms Aasil | 👍 0
Google Play,2026-08-22 20:16:36,best of the best,5.0,Micheal Muthoni | 👍 0
Google Play,2026-08-22 20:13:42,I think this is better for beginners,5.0,Muhammad Tayyab | 👍 0
Google Play,2026-08-22 20:10:45,good,4.0,Monayem Munna | 👍 0
Google Play,2026-08-22 20:06:07,Binance best crypto exchange in the world,5.0,Abdulla al Noman | 👍 0
Google Play,2026-08-22 19:50:40,Best,5.0,Ananda Raj | 👍 0
Google Play,2026-08-22 19:49:59,👍,5.0,Chemkem Konyak | 👍 0
Google Play,2026-08-22 19:46:05,nice,1.0,MD MOMIN ISLAM | 👍 0
Google Play,2026-08-22 19:41:49,good apss,5.0,Abdull Rauf | 👍 0
Google Play,2026-08-22 19:30:03,"excellent experience The only problem is that whenever I apply the indicator, it gets automatically removed and I have to apply it again every day.",5.0,Umer Sharif | 👍 0
Google Play,2026-08-22 19:22:38,very good 👍🏻,5.0,SUBHAM MOHANTY | 👍 0
Google Play,2026-08-22 19:20:48,nice app,5.0,Lucifer | 👍 0
Google Play,2026-08-22 19:20:32,best,5.0,Elysee Niyibuhungiro | 👍 0
Google Play,2026-08-22 19:19:21,excellent,5.0,olatunya busayo | 👍 0
Google Play,2026-08-22 19:04:11,❤️✅,5.0,Mostfizur Msr | 👍 0
Google Play,2026-08-22 18:43:53,Very Good service,5.0,Chowdhury Riaz | 👍 0
Google Play,2026-08-22 18:41:34,all is good,5.0,Alijutt Ali jutt | 👍 0
Google Play,2026-08-22 18:10:15,"safe n secure app Always I wish Grow this app ,& secure our funds",5.0,Sunny Malhotra | 👍 0
Google Play,2026-08-22 18:00:26,good,5.0,santosh sonkamble | 👍 0
Google Play,2026-08-22 17:47:20,One of the best arrow for all types of trader.,5.0,Anwar ullah | 👍 0
Google Play,2026-08-22 17:46:27,very good 😊,5.0,Olivier Akimana01 | 👍 0
Google Play,2026-08-22 17:44:04,nice,5.0,Rahul Hossain | 👍 0
Google Play,2026-08-22 17:41:44,crypto,5.0,Iyakub Mollah | 👍 0
Google Play,2026-08-22 17:36:01,good,5.0,Tahir Hussain | 👍 0
Google Play,2026-08-22 17:34:31,good.,5.0,ARINDAM MONDAL | 👍 0
Google Play,2026-08-22 17:29:19,good Crypto app,5.0,Bach Technology | 👍 0
Google Play,2026-08-22 17:27:34,best support,5.0,Sabbir islam | 👍 0
Google Play,2026-08-22 17:19:46,I love it,5.0,Apostle Prince Olayinka | 👍 0
Google Play,2026-08-22 16:43:52,I was so surprised,5.0,Abubakar Lukman | 👍 0
Google Play,2026-08-22 16:36:07,best app ever,5.0,Hsuhs Hsuhsh | 👍 0
Google Play,2026-08-22 16:21:50,Current version most of the time is hang,5.0,Ansarul Mullah | 👍 0
Google Play,2026-08-22 16:11:35,so good,5.0,Taskiya Jannat | 👍 0
Google Play,2026-08-22 16:09:48,amejingh,5.0,Rajkumar Warkade | 👍 0
Google Play,2026-08-22 16:03:52,I love binancebapp more than anycrypto apps because it is almost perfect by design,5.0,Amanuel Zerfu | 👍 0
Google Play,2026-08-22 15:46:36,it's very good app for earning platform,5.0,Farhan Khan | 👍 0
Google Play,2026-08-22 15:27:41,awesome,5.0,Mst Sufia Khatun | 👍 0
Google Play,2026-08-22 15:23:18,veri nice,5.0,Muhammed Aoun | 👍 0
Google News,2026-08-22 15:05:23,"How a former crypto user’s archived Binance data ended up in a foreign terrorism prosecution - CryptoSlate <a href=""https://news.google.com/rss/articles/CBMiuAFBVV95cUxPdUp4YzFpcW9xZElROE5XYkE0ZWZ1WGpkNlBLQUdhYWkzVjhiV2tuRmRtVU9Fazl4X1FaSVpHaEpsX0lsMmdTQjBBbDhrV29SUGgxaVZvbU9ma01yVkVEY0pfei1UeFBKVG5sek9uZU51dnhCR0stRTM1dmRRVGpnd2VIU0U0T3gwcENWekYyQ1BIMGRTdC1hMHBCSWU4bFZBb0dFc0R2RFBnRnBCRm1QQjR0cmE3eXdF?oc=5"" target=""_blank"">How a former crypto user’s archived Binance data ended up in a foreign terrorism prosecution</a>&nbsp;&nbsp;<font color=""#6f6f6f"">CryptoSlate</font>",,Google News
Google Play,2026-08-22 15:01:25,ok good,5.0,Hasan hasan | 👍 0
Google Play,2026-08-22 14:52:41,good view and user friendly app,4.0,HASSAN AHMAD | 👍 0
Google Play,2026-08-22 14:49:28,good apps,5.0,MD Rufikul islam | 👍 0
Google Play,2026-08-22 14:37:55,thank you,5.0,abdulasad official | 👍 0
Google Play,2026-08-22 14:18:48,good,1.0,Md Rosid | 👍 0
Google Play,2026-08-22 14:16:38,good,5.0,Furqan Khitran | 👍 0
Google Play,2026-08-22 14:14:26,good experience,5.0,Umar Khayyam | 👍 0
Google Play,2026-08-22 14:14:14,great 😊😊😊👌,5.0,Good Mind | 👍 0
Google Play,2026-08-22 14:13:50,good,4.0,Aahan khan | 👍 0
Google Play,2026-08-22 14:09:52,excellent,5.0,Jhamman Nishad | 👍 0
Google Play,2026-08-22 13:56:51,good,5.0,Muhammad Awais | 👍 0
Google Play,2026-08-22 13:54:37,i am now seeing where i can change the line on my trading chat into candles i want to see candles on the trading chat,4.0,Cecil Chimwa | 👍 0
Google Play,2026-08-22 13:46:54,Nice apps😍😍,5.0,Mts Maysha Sarket | 👍 0
Google Play,2026-08-22 13:41:02,Binance much better than any exchanger,5.0,Babagana Tijjani | 👍 0
Google Play,2026-08-22 13:40:46,good,5.0,Afran S. রেয়া | 👍 0
Google Play,2026-08-22 13:23:51,good,2.0,Jhasketan Netam | 👍 0
Google Play,2026-08-22 13:09:29,good,5.0,Mili Rahman | 👍 0
Google Play,2026-08-22 13:08:14,excellent,5.0,Bas Sa | 👍 0
Google Play,2026-08-22 13:05:28,good,5.0,Umar Mani | 👍 0
Google Play,2026-08-22 12:39:28,very usefull,5.0,Harshit Saroya | 👍 0
Google Play,2026-08-22 12:38:45,love you binance,5.0,ARFAN AHMAD KHAN | 👍 0
Google Play,2026-08-22 12:37:12,But you may have to watch out for what's happening in p2p.,5.0,Alhaji Pullo | 👍 0
Google Play,2026-08-22 12:27:10,good,4.0,Manjunath Bhovi | 👍 0
Google Play,2026-08-22 12:26:48,Beginers friendly.,5.0,realEdrecius Bahlekazi | 👍 0
Google Play,2026-08-22 12:20:01,nice,5.0,Sampath Chandrarathna | 👍 0
Google Play,2026-08-22 12:17:32,excellent,5.0,Sherajunpr0786 | 👍 0
Google Play,2026-08-22 12:12:28,good thought wallet,5.0,abdullahi yunusa | 👍 0
Google Play,2026-08-22 12:12:07,very nice,4.0,Kakali Begum | 👍 0
Google Play,2026-08-22 12:11:05,this app is very helpful,5.0,Wahed Khan | 👍 0
Google Play,2026-08-22 12:09:33,مميزه,5.0,UJJSH Hhdh | 👍 0
Google Play,2026-08-22 12:08:39,not showing complete amount ...paid 10k but showing bitcoin of only 8.4k,1.0,SUSHANT KUMAR | 👍 0
Google Play,2026-08-22 12:05:51,Good,4.0,Baljit Sidhu | 👍 0
Google Play,2026-08-22 11:57:32,good,3.0,r v odedara | 👍 0
Google Play,2026-08-22 11:52:51,others must use this app,4.0,Albert Mlima | 👍 0
Google Play,2026-08-22 11:47:30,nice,5.0,fadi ghawanmeh | 👍 0
Google Play,2026-08-22 11:42:01,nice app,5.0,ansar ali | 👍 0
Google Play,2026-08-22 11:36:24,good,5.0,king SL | 👍 0
Google Play,2026-08-22 11:36:14,This is best And safe platform and very easy to use this platform is best platform love you Binance ❤️😘,5.0,Yuvraj Jaiswal | 👍 0
Google Play,2026-08-22 11:35:09,I love binance,4.0,Nasir Usman | 👍 0
Trustpilot,2026-08-22 11:33:50,"I am writing this review to highlight an unaddressed liquidity failure on Binance Futures (Case ID: 167954661 / Complaint Reference: CC9868507).
On WLDUSDT Perp (2026-08-22, 08:11 UTC), Binance experienced an isolated price crash down to 0.3110 USDT. Meanwhile, the global index mark price and competing exchanges (such as Bybit) maintained levels around 0.3600 USDT.
My Stop Market order set at 0.3656 (Order No: 22924687671) was filled at an extreme price of 0.3396 USDT due to this Binance-specific order book gap, liquidating my account (-2,967.32 USDT).
Support and Complaint teams generic copy-paste templates citing ""market slippage,"" ignoring that this price anomaly occurred EXCLUSIVELY on Binance's internal matching engine.
I demand a manual log audit by Senior Risk Management and full compensation for this exchange-isolated failure.",1.0,Unfair Liquidation & Isolated Price Wick - Complaint CC9868507 | TR
Google Play,2026-08-22 11:28:52,good 👍🏻,5.0,Tarun Gamer | 👍 0
Google Play,2026-08-22 11:27:47,like,4.0,Lukman Hamid | 👍 0
Google News,2026-08-22 11:24:54,"Binance Launches Agent OS: AI Agents Can Now Trade Crypto With ChatGPT, Claude and Codex - Bitcoin Foundation <a href=""https://news.google.com/rss/articles/CBMieEFVX3lxTE9OajM0RW8wUzdtQkFzTmFzRFdUXzRDU2M4dEVBOHBGdTBRYkZZTmpsVHBIZzZwOFhOWHVLaFN6MVNZVWktQXdaY0w4SUhjVDNlT1FxcGItSElrTjVTc05BNThCNXRjRVFuZVU2Vjh2Z1FFRGlQZUhBVw?oc=5"" target=""_blank"">Binance Launches Agent OS: AI Agents Can Now Trade Crypto With ChatGPT, Claude and Codex</a>&nbsp;&nbsp;<font color=""#6f6f6f"">Bitcoin Foundation</font>",,Google News
Google Play,2026-08-22 11:17:12,excellent,5.0,Ucda Riaz | 👍 0
Google Play,2026-08-22 11:13:32,good,1.0,Tanjil Mia | 👍 0
Google Play,2026-08-22 11:11:47,nice,5.0,Ziyad Seid | 👍 0
Google Play,2026-08-22 11:07:19,good job,5.0,Aisha Humaira Sweety | 👍 0
Google Play,2026-08-22 11:02:46,ok,1.0,Drpaul Mohan | 👍 0
Google Play,2026-08-22 10:57:48,good,4.0,Vicky Kumar | 👍 0
Google Play,2026-08-22 10:57:45,Add Pure Black Theme instead Of Greyish... Looks Ugly 😢😢😢,1.0,DeEpak HalDeR | 👍 1
Google Play,2026-08-22 10:40:02,excellent,5.0,Sani Sale | 👍 0
Google Play,2026-08-22 10:39:13,Good,4.0,Harikesh Paswan | 👍 0
Google Play,2026-08-22 10:35:58,good mony,5.0,Sejan Jomedar | 👍 0
Google Play,2026-08-22 10:27:04,good,5.0,Md Mojibor | 👍 0
Google Play,2026-08-22 10:26:36,good,5.0,Rajesh Biswakarma | 👍 0
Google Play,2026-08-22 10:18:46,good,5.0,Lasman Doley | 👍 0
Google Play,2026-08-22 10:03:10,good 👍,5.0,Suhail | 👍 0
Google Play,2026-08-22 10:03:10,ok,5.0,Karthi Karthi | 👍 0
Google Play,2026-08-22 09:59:11,Simple Use,5.0,Airtel lte | 👍 0
Google Play,2026-08-22 09:54:56,Good,5.0,Shadin Ray | 👍 1
Google Play,2026-08-22 09:54:29,best,5.0,Manish Jairath | 👍 1
Google Play,2026-08-22 09:52:36,good app,5.0,Rojina Bagum | 👍 0
Google Play,2026-08-22 09:43:13,best app,5.0,dsp chemjong | 👍 0
Google Play,2026-08-22 09:36:46,trusted,5.0,KHARDAR THAPA | 👍 0
Google Play,2026-08-22 09:30:36,best crypto exchange in the world,5.0,Idris Khalid | 👍 0
Google Play,2026-08-22 09:29:09,great app,5.0,Dipanshu Shukla | 👍 0
Google Play,2026-08-22 09:24:58,good,5.0,Let's get some_____? | 👍 1
Google Play,2026-08-22 09:22:51,good 👍,5.0,Suman | 👍 1
Google Play,2026-08-22 09:16:58,super,1.0,Akash Chauhan | 👍 0
Google Play,2026-08-22 09:14:03,nice app good work and all that you will have a great day today,5.0,RAJENDRA SAINI | 👍 0
Google Play,2026-08-22 09:01:23,"Binance customer support service is so bad, by qualification they are not even matric pass, Binance has become a hub of scam no one is interested in victims whose funds are frozen. soon they will scam",1.0,Muhammad Shahzad | 👍 0
Google Play,2026-08-22 08:46:21,excellent,5.0,Mohsin Shehzad | 👍 0
Google Play,2026-08-22 08:42:46,very very best app in the world,5.0,Gaurav Bhardwaj | 👍 0
Google Play,2026-08-22 08:34:48,good app,5.0,A Google user | 👍 0
Google Play,2026-08-22 08:31:09,good,5.0,sajidkhoso245 sajidkhoso245 | 👍 0
Google Play,2026-08-22 08:28:05,good,5.0,jagpreet singh | 👍 0
Google Play,2026-08-22 08:25:41,binance the best money transfer for me,5.0,Kingstoner 25 | 👍 0
Google Play,2026-08-22 08:21:06,good,4.0,Farhan Mayo | 👍 0
Google Play,2026-08-22 08:11:03,good app,5.0,Sk Shafi | 👍 0
Google Play,2026-08-22 07:52:25,love it,5.0,Pam Romeo | 👍 0
Google Play,2026-08-22 07:40:23,bery nice,1.0,Villages park BD | 👍 0
Google Play,2026-08-22 07:33:39,super,5.0,SHANNU MUDHIRAJ (Shannu & Manasa) | 👍 0
Google Play,2026-08-22 07:23:05,nice,5.0,Sd Khan | 👍 0
Google Play,2026-08-22 07:00:08,amazing 😍,5.0,Sawera Malik | 👍 0
Google Play,2026-08-22 06:52:30,good,5.0,Mahendra Joshi | 👍 0
Google Play,2026-08-22 06:43:02,অনেক ভালো,5.0,Mdabdur Rohimkhan009 | 👍 0
Google Play,2026-08-22 06:35:03,greatest the goat,5.0,Minh Vũ Lại | 👍 0
Google Play,2026-08-22 06:30:05,excellent,5.0,aungnaing myo | 👍 0
Google Play,2026-08-22 05:51:08,Good for me,5.0,Chanmuni Devi | 👍 0
Google Play,2026-08-22 05:46:17,kind a good,4.0,Mr Kasab | 👍 1
Google Play,2026-08-22 05:45:27,The best wallet for cripto I like it,5.0,Alessandro Araujo (SandroArtz) | 👍 0
Google Play,2026-08-22 05:45:18,super app,5.0,Boya Dhanunjaya | 👍 0
Google Play,2026-08-22 05:26:57,ok lam,5.0,Huy Nguyen Huu | 👍 0
Google Play,2026-08-22 05:19:22,very good,5.0,Fanny Motimele | 👍 0
Google Play,2026-08-22 05:06:20,good,5.0,TAPOSH MUKHERJEE | 👍 0
Google Play,2026-08-22 04:44:33,nice,5.0,Faruk On Fire | 👍 0
Google Play,2026-08-22 04:31:36,life changing bro,5.0,Amjad Mahsood | 👍 0
Google Play,2026-08-22 04:30:41,good,5.0,Muhammad Hussain | 👍 0
Google Play,2026-08-22 04:27:40,the best app,5.0,Nabiullah Intzar | 👍 1
Google Play,2026-08-22 04:17:26,very Good,5.0,Samaon Islam | 👍 0
Google Play,2026-08-22 03:32:04,I believe i will gain,2.0,Osagie Ogiamien | 👍 0
Google Play,2026-08-22 03:27:45,Great,5.0,David Chilly | 👍 0
Google Play,2026-08-22 03:07:52,best so far,5.0,Alesinloye Oluwaseun | 👍 0
Google Play,2026-08-22 02:50:36,Best payment platform,5.0,System Trade | 👍 0
Google Play,2026-08-22 02:43:41,great exchange,5.0,Bhatti Saab | 👍 0
Google Play,2026-08-22 02:25:25,good,5.0,Golden Luxury | 👍 0
Google Play,2026-08-22 02:15:30,good app💯,3.0,Waqas jan Jan muhummad | 👍 0
Google Play,2026-08-22 01:56:34,👍,5.0,Tech Information With Maqbool Ahmad | 👍 0
Google Play,2026-08-22 01:52:06,"Binance is Finance with a B. but I'm Asian, so B is for losers, I'm gonna need them to change their name to Ainance.",5.0,Ning-Jia Ong | 👍 0
Google Play,2026-08-22 01:05:47,excelente app,5.0,Miguel Mora | 👍 0
Google Play,2026-08-22 00:28:18,❤️,5.0,rajjak payoneer | 👍 0
Google Play,2026-08-22 00:03:37,very good app,5.0,Chukwudi Kenneth Anthony | 👍 0
Google Play,2026-08-21 23:55:55,super 😍,5.0,Stranger | 👍 0
Google Play,2026-08-21 23:51:50,good experience,5.0,Kingjofac Resources Ltd | 👍 0
Google Play,2026-08-21 23:49:13,it's not bad,5.0,Joseph Aondoawase | 👍 0
Google Play,2026-08-21 23:47:57,this Bianca is very good I love it so much,5.0,Petar Obiwulu | 👍 0
Google Play,2026-08-21 23:38:06,Excellent 👍,5.0,Mac Martins | 👍 0
Google Play,2026-08-21 22:51:18,nice app,5.0,Md Billal | 👍 0
Google Play,2026-08-21 22:22:09,good,5.0,Vijay Maalya ji | 👍 0
Google Play,2026-08-21 22:18:29,So helpful with my dollar transaction,5.0,Adebisi Kehinde | 👍 0
Google Play,2026-08-21 22:10:21,amazing app,5.0,Extra Gmail04 | 👍 0
Google Play,2026-08-21 22:05:30,great security,4.0,Biniyam Amanuel | 👍 0
Google Play,2026-08-21 22:01:43,good 👍,2.0,Nitai Haldar (Prem) | 👍 0
Google Play,2026-08-21 21:57:17,i new,5.0,Asghar Ali | 👍 0
Google Play,2026-08-21 21:50:50,ok,5.0,sudhir mohanty | 👍 0
Google Play,2026-08-21 21:45:25,Okey,5.0,Saim | 👍 0
Trustpilot,2026-08-21 21:41:49,"While crypto prices are soaring, binance decides to not renew mica license for europe. Effectively costing me and tons of europeans money.",1.0,Mica gone | BE
Google Play,2026-08-21 21:12:59,the best App to use in trading,5.0,Kelvin Njuguna | 👍 0
Google Play,2026-08-21 21:08:28,good,5.0,Asnan Rana | 👍 0
Google Play,2026-08-21 21:08:20,super 👍,5.0,Rajib Mondal | 👍 0
Google Play,2026-08-21 21:02:22,good performance,5.0,MD Shehab Ahmed | 👍 0
Google Play,2026-08-21 20:57:11,nice app,4.0,Neel Hothi | 👍 0
Google Play,2026-08-21 20:46:06,Good wallet,5.0,Mersi Digafe | 👍 0
Google Play,2026-08-21 20:42:43,learning about it good 👍,5.0,Comrade Trader | 👍 0
Google Play,2026-08-21 20:33:02,Great App and trustable,5.0,MEHER ALI | 👍 0
Google Play,2026-08-21 20:28:15,good to use,5.0,SAHEED ILEBIYI | 👍 0
Google Play,2026-08-21 20:24:42,good apps,5.0,MD Dulal | 👍 0
Google Play,2026-08-21 20:18:59,nice,5.0,Rifat Molla | 👍 0
Google Play,2026-08-21 20:10:27,good,5.0,Hamim Hossain | 👍 0
Google Play,2026-08-21 20:06:20,very nice app,5.0,Sinha ji | 👍 0
Google News,2026-08-21 20:01:27,"Binance Faces New Scrutiny in Its Crypto-Friendly UAE Haven - Bloomberg.com <a href=""https://news.google.com/rss/articles/CBMirwFBVV95cUxOcTM5ZWtmU05lNE1pbUhmdmRBR1A3QUJLTlZraXo3aUVWa25yUjMxMTJ4ZVRQWE1Ub0dkY1M4QTg4aXBfNG1Da3BMU0pwLUhkZ0xnMUpZVkZQSWFRbWc1ckxENXNZX1IxbnpYTXVLakNNWlVtaURoYlFBMWw2T014aG1JS3FZcjlkeV9sdWozMTBCblVKRm9CbzNuTmVWb0hkYWJnaU1nbUU3N3JXZWJr?oc=5"" target=""_blank"">Binance Faces New Scrutiny in Its Crypto-Friendly UAE Haven</a>&nbsp;&nbsp;<font color=""#6f6f6f"">Bloomberg.com</font>",,Google News
Google Play,2026-08-21 19:58:29,nice,5.0,Rajib King | 👍 0
Google Play,2026-08-21 19:54:59,give bonuses join and enjoy,5.0,Es haq Yaqobi | 👍 0
Google Play,2026-08-21 19:49:04,“Binance is easy to use and has many useful features for crypto trading. The app works well and the interface is user-friendly.”,5.0,Md Fazlu | 👍 0
Google Play,2026-08-21 19:48:46,Great 👍,5.0,Abdulganiyu mahruf | 👍 0
Google Play,2026-08-21 19:42:07,very good and very smooth,5.0,Ranjit Sahu | 👍 0
Google Play,2026-08-21 19:33:50,Good,5.0,Rahata ahmed | 👍 0
Trustpilot,2026-08-21 17:19:35,"Binance.US has frozen my account for over three weeks after a ACH Bank deposit and USDC purchase. I have contacted customer service repeatedly and they send an AI response ""account under review"". I have lost over $5K in the last week and a half because of Binance.US freezing these funds and intend to file a report with the US Treasury FinCen. This is NOT A TRUTWORTHY BROKER, AVOID BINANCE.US AT ALL COSTS.",1.0,Binance.US has frozen my account for NO REASON | US
Trustpilot,2026-08-21 17:19:35,,, | 
Trustpilot,2026-08-21 17:19:35,,, | 
Trustpilot,2026-08-21 17:19:35,,, | 
Trustpilot,2026-08-21 17:19:35,,, | 
Trustpilot,2026-08-21 17:19:35,,, | 
Google News,2026-08-21 09:32:33,"How financial crime dominates FCA enforcement, Binance employees detained in the UAE, Australia uncover massive suspected mortgage fraud - LinkedIn <a href=""https://news.google.com/rss/articles/CBMilAFBVV95cUxOTF9TWU5lbG9NQ3QycEp2a0pmdWhtYVEwb3BPaFJiR0FxYWRyekdWcG1rbHhNYy1aMS1yMzJSaEJtRkYwUTN2WW80UTdyMzREc3AzZmVrNlhKQzdIRGxDRE4xVzFXdHpsMTZZZGpuZ0lSWHRwNVR1eXZnYXlJSUM4a2dpenZ3NnpLMVZUM2VZMHpOYWVG?oc=5"" target=""_blank"">How financial crime dominates FCA enforcement, Binance employees detained in the UAE, Australia uncover massive suspected mortgage fraud</a>&nbsp;&nbsp;<font color=""#6f6f6f"">LinkedIn</font>",,Google News
Google News,2026-08-21 09:31:05,"Binance Opens the Door to AI Agents That Can Trade Crypto for You - Decrypt <a href=""https://news.google.com/rss/articles/CBMiZ0FVX3lxTE1ZNzVoMmZNT3Z2UXM2emUwZmM0cG45UWJmbi05V2hTMzg3cWhDVTRQZERfMnQ4LTJoVXNmS2pTU3Q3U0I2dWFMdm44SDNJUWRhVWtPVFpvZFJIM0RvaHdyT0V6VFh6UXPSAW9BVV95cUxPUlJnbWxaVEoyaDFaQWlIRHpwQ2JiUzFNMEIta01MNFdGbmEtbG1wcU9hWTBHNUhSazhMbTNacVFtcWFKcXZ2OTVqNklsblJJbnQ5UDVBMmM2Yk4wM3FtbXlEWUZ4MFBPSzBoc0dmbkE?oc=5"" target=""_blank"">Binance Opens the Door to AI Agents That Can Trade Crypto for You</a>&nbsp;&nbsp;<font color=""#6f6f6f"">Decrypt</font>",,Google News
Google News,2026-08-21 09:30:36,"Crypto theft victims escape Binance arbitration after US appeal court intervenes - ICLG <a href=""https://news.google.com/rss/articles/CBMipgFBVV95cUxPT0UteFZIVlVOZFc3MVpVV0NncWJYT0tsdXRnNFNqRTR0dy12SVV5Y1dVMlExVS15NVAyVmgwNjF5R2c4NTF1cmZNVUhJUDhfM3NiWk80cnhLaXlWblZxS3lYX0FGUXNVbHlicTVsSmgwMmdFNjNaZnhBZTNDd1lYRHdmcEtUalpZcHRSYXI5TGljTzBJazhES1M4YncxLVd6VGZ0WEVB?oc=5"" target=""_blank"">Crypto theft victims escape Binance arbitration after US appeal court intervenes</a>&nbsp;&nbsp;<font color=""#6f6f6f"">ICLG</font>",,Google News
Trustpilot,2026-08-21 08:06:42,"Deposit of $30,000 under “review” for 3+ months — no reason given, no document requests, no timeline
Review:
Case ID: 167806547
I deposited $30,000 into my Binance account over 3 months ago. The deposit was immediately placed under “Under Review” status with no explanation.
Since then, I have proactively submitted proof of source of funds, bank transfer records, and identity documents multiple times — without ever receiving a specific document request from Binance. Every contact with support results in the same generic response: “please wait.”
A representative from a “Specialized Team” eventually confirmed in writing that the review is “to ensure activities are not in violation of Terms of Use,” citing the company’s right to freeze funds “for any reason including suspicion of violation” — without specifying any actual reason, violation, or timeline.
I have also filed a formal complaint with the FSRA (ADGM), as my account is held under Nest Trading Limited / Nest Exchange Limited.
This is not an isolated case — I’ve found many similar reviews here describing the exact same pattern: funds frozen indefinitely, no explanation, no timeline, only “please wait.”
I am requesting Binance to review this case, provide a clear explanation for the hold, and a definite timeline for resolution.

Received the same generic response (“please wait,” no timeline) even after this review was posted publicly. Meanwhile, on X, @BinanceHelpDesk confirmed my case (ID: 167806547) has been “escalated and flagged for priority.” I expect Binance’s response here to reflect that same priority, not a repeat of the standard message. Please provide a specific timeframe or next step.",1.0,Case ID: 167806547 | RU
Google News,2026-08-21 07:00:00,"Weekly Roundup: Binance Staff Arrested, Bessent Warns Iran's Allies, and More - ACAMS <a href=""https://news.google.com/rss/articles/CBMipgFBVV95cUxNZ3JkWHJFQ2RFTkxVRHliZkhnU3NfRnZQNERmMTJWZ3Y2MXE5Rm9RTE5tOFVfVV84OXZpcFZkS3JDRjJJLXVCVnBHN3BLNnRoVFJCX0FtdVRncW5PN1RnSmxzeTByRjNKanRPZEZFYW1kajN3bUdJNFNjalNCYjNUN0tRcmgwWnVnWDRmcDg2UnNHbEdLbG5sdWYxM2dRWVUtV3MtUFNn?oc=5"" target=""_blank"">Weekly Roundup: Binance Staff Arrested, Bessent Warns Iran's Allies, and More</a>&nbsp;&nbsp;<font color=""#6f6f6f"">ACAMS</font>",,Google News
Google News,2026-08-20 23:29:14,"Two Binance employees were detained in UAE in recent weeks, NYT reports - Reuters <a href=""https://news.google.com/rss/articles/CBMitgFBVV95cUxNcVNRelR3TlJRWUxwV01fbDhUblFza29oMkhKRWV4aGluYmwta0lobVNlbjRSZ0dmM0s0SGdDcGVod3VwTldvMVJHTUxKZzl0VVpOelgwV3dwX0RINUdVaTNzOWUzQkNSTHJXeVVDVWo4X1kwN29FTEdndzZIbmZOejN5d0lBYWdycld6dTlCV3U1R3ZrMDRGejFtUjRVNlFMQkdrUnVTSS1XeHdlai1mY3BBdTFzUQ?oc=5"" target=""_blank"">Two Binance employees were detained in UAE in recent weeks, NYT reports</a>&nbsp;&nbsp;<font color=""#6f6f6f"">Reuters</font>",,Google News
Google News,2026-08-20 19:10:09,"Two Binance Employees Detained in the U.A.E. Amid Police Inquiries - The New York Times <a href=""https://news.google.com/rss/articles/CBMijgFBVV95cUxQQUZnRmRyVHNsdjFPYmYybG56enNxSGtNN3NKMGExazNzYVA5bjZCNG5UOXNUNzVxaV8yaXdpdkhpZlJnb2k4azUwUHhsZnk0cHBIY0xpcTZiTDZRMWJFdVpYeDl6TUNjR3ZNeUFTTkZZWGtfRW9EbDktWmRublc4VFlONGhscXJERDNsOEZ3?oc=5"" target=""_blank"">Two Binance Employees Detained in the U.A.E. Amid Police Inquiries</a>&nbsp;&nbsp;<font color=""#6f6f6f"">The New York Times</font>",,Google News
Google News,2026-08-20 09:30:00,"Binance now lets AI agents trade, but keeping them in check is largely up to users - TechCrunch <a href=""https://news.google.com/rss/articles/CBMitwFBVV95cUxON3BjNUx6eXJuQVNaQ2tIcXZKQXBUNVJKRklYVHgycER2Nlo3dlpnc3k5QUh6VmRnS0RxS3JSUkc5bW1LTzBVT2x5SWtDMjkzZ3otOHhEU2RmUW1wWkVlWTBHeW13dU40VjBrVUIwTU1NSmdibE1Ia3NwRmh0QU9jdm55Mms1cnpWVzFhXzFZNEJwbmppSnBJUnNJczV6RkJPMUVZUWp1YWRZcHpqazFWZTNCVDY2aTQ?oc=5"" target=""_blank"">Binance now lets AI agents trade, but keeping them in check is largely up to users</a>&nbsp;&nbsp;<font color=""#6f6f6f"">TechCrunch</font>",,Google News
Trustpilot,2026-08-20 08:34:15,"good exchange but avoid copy trading
i lost there much money",4.0,good exchange but avoid copy trading | NL
Google News,2026-08-17 20:55:00,"Tokenized equities triple market share as Ondo, Binance and xStocks dominate - The Block <a href=""https://news.google.com/rss/articles/CBMivAFBVV95cUxNeWtJTk1SVUthN1hMMzRhMVdEeDczLTlPVlJSTkJHZkdvOWpJci1KaVFYQVh3ZXRWOUNKb2xaZ2ZYQnVjUExWNzNyZ01mXzBpYkw1ZDdyRVg4VjdpTXFJYWJEZ3ZKVW1jM2R1MjROcElxeVFOQnczLVlVbzNSTnV5bl9SZWZfX3V6UUtyWjd3Xy15UFQtM2xhXzVzWkw3d29rMnN2a1dQWmtzd29GRzBEQVg0clVrc055M1plUg?oc=5"" target=""_blank"">Tokenized equities triple market share as Ondo, Binance and xStocks dominate</a>&nbsp;&nbsp;<font color=""#6f6f6f"">The Block</font>",,Google News
Trustpilot,2026-08-17 19:09:49,My first expirance in crypto was good in binance,5.0,My first expirance in crypto was good… | EG
Google News,2026-08-17 09:16:14,"Binance gave Russia client data used in Ukraine donation case - CoinDesk <a href=""https://news.google.com/rss/articles/CBMitwFBVV95cUxPNEV1eDB0TThkRjNyVUhwRU90bjBBSGdnQzR5THJyZ1Q0bGNjQWJaaTZZY0ZhRTJqZWhIcjc5ME1mejNJdnZjb2NMdzJCRk1XV1k0VXZuZnlTZnNNQkpyVTg0a2R6b1ZfNDMxUVFyQVJEM25KWC12VTdzUmE4QzBVVV8xRE5jMktTQjY2VTFDaG5YREpaUWIzYi03cjJVenprT2RCMWVmV3d5RHdTRl9YLUJka3FSX0E?oc=5"" target=""_blank"">Binance gave Russia client data used in Ukraine donation case</a>&nbsp;&nbsp;<font color=""#6f6f6f"">CoinDesk</font>",,Google News
Google News,2026-08-17 06:12:07,"EXCLUSIVE: Binance gave Moscow client details used to charge Russian over Ukraine donations, documents show - Reuters <a href=""https://news.google.com/rss/articles/CBMiygFBVV95cUxQRHFHaFRyb1A4VHA4VkZIbzJjUk5MMTViS19zR2pfWFp1b0dacEVlckI0bE9qVUY5X3FIamdodWhhNFdFMEhVTUw5TE9udjB4U3ROLWpIVWFtUVd5eUEybTBmQ3JwbkY4UXJBTG1oTnBQSUZ0TnotQjQ3cUZNWE1NWnBZTTl0QUcySUE4am1UR0V1QUJyMGlJeEk0VWV1X2o3dnhZR3QyZ1JTeXNHNnpOdklWYzRGcnhNWVZmRzY5TlU5Z0hYSUViLXN3?oc=5"" target=""_blank"">EXCLUSIVE: Binance gave Moscow client details used to charge Russian over Ukraine donations, documents show</a>&nbsp;&nbsp;<font color=""#6f6f6f"">Reuters</font>",,Google News
Trustpilot,2026-08-17 05:28:08,"Review

Very disappointing experience with Binance P2P support.

I made the payment and the amount was successfully deducted from my bank account, but I still have not received the crypto from the P2P order.

The seller claims that the payment was not received, but from my side the money has already been deducted and I have provided payment proof and all the evidence requested by Binance.

The most frustrating part is that the buyer is the one whose money has already left the bank account, yet the buyer is still being asked to wait and repeat additional verification processes. I have neither received the crypto nor recovered my payment.

My appeal has now been ongoing for almost 24 hours. Binance initially stated that the CS team could take 3–4 hours to review the appeal, but I was later repeatedly asked to wait another 6 hours and provide additional bank-related proof.

Different support agents have given different responses, while my money remains blocked. I have fully cooperated and provided the evidence available to me.

I expect Binance to review the evidence already submitted and provide a clear final resolution instead of repeatedly extending the process.

I have screenshots of the payment deduction, appeal history, and complete support conversation as evidence.

Case/complaint reference: CC9835565",1.0,Binance P2P Appeal – Buyer Lost Money and Has Been Waiting Almost 24 Hours | IN
Trustpilot,2026-08-15 20:24:03,"It is no surprise that a platform fined $4.3 billion by the US DOJ for deliberate AML/KYC failures—whose founder was jailed—is now actively facilitating scams. My 20-day ongoing P2P ""Triangle Scam"" nightmare proves they still protect fraudsters while punishing legitimate users.

After I successfully transferred funds to a Sri Lankan P2P seller's provided wallet, he executed a classic scam by suddenly denying ownership of that wallet. I submitted full payment proofs and a personal KYC video taking full responsibility. In response, support agents (including Botros, Evan, Max, and exceptionally awful ones like Parker V and Fager) turned the investigation entirely against ME.

Here is the ultimate hypocrisy: In live support chats, agents explicitly confess they are certain the funds reached the seller and that he is fully responsible for the provided wallet. Yet, they admit they ""cannot state this on the official appeal record."" When I offered a fair resolution—""Ask the seller to refund the funds, and I will cancel the order""—they refused, stating they ""cannot announce something like that at this time.""

They think these chats happen in ""secret rooms."" Instead of holding the scammer accountable, they have technically blocked me from posting on the appeal page. While keeping me gagged, they constantly post illogical, illegal demands for third-party documents on that same page, issuing automated warnings that I am ""uncooperative"" to justify handing my funds to the fraudster.

As for their illusion of ""Regulation and Protection"":
1. The Whistleblowing channel is a sham. My formal complaint (Ticket: WB223851918) against staff misconduct was permanently deleted from the system within hours!
2. The FSRA in Abu Dhabi, their paraded regulatory partner, washed their hands of the issue, proving they are just a facade.
3. The Data Protection Officer (DPO) ignored my legal request for chat transcripts, forcing me to manually archive their confessions before they alter the records.

To the Binance rep pasting automated PR replies here: Save it. I am exposing you mercilessly. A massive, fully documented Mega-Thread featuring your ""secret"" chats, gagged appeal pages, and deleted complaints is coming. The crypto community will soon see exactly how you operate.",1.0,The Regulatory Illusion: How Binance Facilitates Scams and Punishes Victims | EG
Trustpilot,2026-08-15 14:28:34,Used fof 5 years bought alot of crypto any rewards or something for using them ? Not a singel cent!!! join this join that u are trash ! no rewards no cashback notihng dont even wanne know how much i have payed u in fees and never gotten anything back dont recomend this shit,1.0,Used fof 5 years bought alot of crypto… | NO
Trustpilot,2026-08-15 03:09:21,"Id case : 167424811
Absolutely terrible experience. I haven't logged into my account in 3 years. I went through the verification process, successfully passed the facial recognition scan, and submitted my documents—only for them to continuously reject my documents without clear cause and abruptly terminate my account for supposedly ""violating terms of use."" I did nothing wrong other than trying to regain access to my own account. Customer verification system is completely broken and unfair.",1.0,Absolutely terrible experience | AU
Trustpilot,2026-08-14 14:44:23,"My experience with Binance has been extremely negative. At this point, **Binance has been holding my money for 45 days and still has not returned it**, despite numerous requests to support and all the evidence I have provided.

I have repeatedly submitted everything they requested: screenshots, transaction details, videos, and additional explanations. Yet their support team keeps going in circles — asking the same questions I have already answered, requesting the same materials again, and providing neither a clear resolution date nor a reasonable explanation for why my funds are still being withheld.

What makes this even more unacceptable is that these are **returned funds that were already sent back to a Binance wallet**. In other words, Binance has the money, but I have been unable to get it back for a month and a half.

Because of this treatment, I am left with the impression that Binance is acting like a fraudulent company: customer funds are withheld for weeks, the support process is deliberately dragged out, and instead of resolving the issue, the customer receives repetitive template responses and new demands.

**45 days without returning my money is completely unacceptable for a company of this size.**

Until Binance returns my funds, I cannot recommend using this platform. If you keep significant amounts of money there, keep my experience in mind: if a dispute arises, you may lose access to your funds for an indefinite period of time.",1.0,Binance Has Been Holding My Funds for 45 Days | UA
Trustpilot,2026-08-14 05:17:34,"Case ID: CC9775122

53 days — Binance has now missed TWO promised deadlines

My account was frozen after transferring funds to an external wallet, which Binance says is no longer permitted under its terms and conditions. However, I received no prior notification, email, message or warning that this wallet was no longer within the permitted terms. Binance had also allowed me to make transfers to the same wallet previously. How are customers expected to know that the status of a wallet has changed if they are given no notification or warning whatsoever?

My Binance account/funds have now been restricted for 53 days.

Despite this, my issue remains unresolved.

What is particularly unacceptable is that Binance gave me two separate deadlines for resolving my case, and both deadlines were missed. Each time, I was left waiting and subsequently given another generic explanation that my case was still being reviewed by an internal team.

I have now spent 53 days chasing this issue and repeatedly explaining the same situation to different support agents. I have asked for the matter to be escalated to a manager and to the appropriate internal team responsible for the review.

At this point, I am not looking for another apology or another generic message telling me to be patient. I need someone to take ownership of this case, properly escalate it and provide an actual resolution.

I have always considered Binance to be a major and reputable exchange, which makes this experience extremely disappointing.

Binance, please take ownership of this case and escalate it urgently. I have already waited 53 days and two promised deadlines have now passed.",1.0,Case ID CC9775122 - 53 days - TWO Missed deadlines | GB
Trustpilot,2026-08-13 12:11:21,"My last review was removed and I understand Binance may not like negative reviews. I have proof of everything I’m sharing here. On July 28 Adam with Binance ask me some questions why I deposited money at Binance along with other questions such as asking me if I have assistance or an advisor with my opening an account with them. I answered their questions and they put my account under review with no explanation. Then they locked me out of my account so I can’t even login. At this point I just want to close my account their level of scrutiny is ridiculous, and they won’t give me access. I have screenshots of all interactions with Binance and emails proving what I’m talking about here. This company has been very unprofessional in the way they have dealt with me. I understand Binance does not want this kind of review. I can provide evidence of what they are doing with my account. What I’m sharing is accurate and can be proven it’s found under ticket number 11956652 and so far they have provided no solutions and keep telling me this review should be less than a month. There’s no reason for a review and it’s my intention to immediately close my account once login access is restored. But right now it seems I’m dealing with a high level of incompetence.",1.0,Very unprofessional | US
Google News,2026-08-12 07:00:00,"Wall Street Journal urges judge to toss Binance defamation suit - Courthouse News <a href=""https://news.google.com/rss/articles/CBMilgFBVV95cUxOQkxTYXJzRVJ5cVVhZ0tvTGlLTE93Rzl0cDRvdzB0Q2tZb3F0cjN3WW1pVDZYY2NIRGtCRDFUYnkxVm1nMTB2dTVrSjZHU0x4QVA2MThUWVd1R0FMdTFBaUJMMG9HZGEtblh4UzVlNnZOcFRSN1loMzZlUm16VUlHYnFsNzROS05SaUlzNjQ5X2UxU3hRR3c?oc=5"" target=""_blank"">Wall Street Journal urges judge to toss Binance defamation suit</a>&nbsp;&nbsp;<font color=""#6f6f6f"">Courthouse News</font>",,Google News
Trustpilot,2026-08-12 01:32:57,I dislike binance because they make it so complicated to with draw my own money and on top of that there are so many scammers that tried to scam me .. why must I find it so difficult to withdraw my own money . I do not recommend this site,1.0,I dislike binance because they make it… | GB
Trustpilot,2026-08-10 10:17:17,"They close my account without giving me a reason why, all after a transfer I received, of 10 USDT. No reason why, they closed it, and I lost some of my funds because oof them. I worked with them for years. Avoid them entirely if possible",1.0,Avoid | RO
Trustpilot,2026-08-09 18:43:46,"Case ID #167164809
I have a locked transaction of 500 USDT on Binance however now they decided that I can't use the rest of my funds after I decided to deposit some more and they locked them as well. The first deadline that i was given back in May was July 3rd, after that they gave me another deadline of 4 weeks and now when I asked again they again said 4 weeks even for money that should not be locked. It appears that they tell you a new deadline on when the check will be done by on purpose to keep your money locked. If anybody at Binance reads this I am willing to remove this review if my money and account are unlocked. You can't take peoples money without any reason and I plan to escalate this further if you don't give me a proper resolution because I have not broken any TOS at all.",1.0,Binance is a scam and they take your money | BG
Trustpilot,2026-08-09 11:40:19,"When I first started using binance, it was great....able to send money to a friend with ease. Now it's all changed, I was told that I had violated their terms and conditions, stating that the wallet address that I was sending to was causing this breach although, it's the same wallet I have used since Dec 2024 ! Over two months have passed, and I still don't have a suitable explanation as to why my account suspension is in place. They themselves allowed all the transfers to happen, so why all of a sudden, after 18 months, has the wallet address become an issue ? Customer service only say that it's up the internal team to contact me with the answers. Disgraceful treatment.
Case ID #166405138
This is the answer I received today : I sincerely apologize for any inconvenience caused, and I fully understand how this situation is inconvenient for you at the moment. Your account is still under review by our Specialized Team. We kindly ask you to wait patiently until this mandatory review is completed, as no information will be available to you until the mandatory compliance review is finished. Thank you for your understanding.
Complete and utter shambles, the way people are treated !!!",3.0,Customer service let down. | GB
Trustpilot,2026-08-09 08:47:41,,, | 
Trustpilot,2026-08-09 08:47:41,,, | 
Trustpilot,2026-08-09 08:47:41,,, | 
Trustpilot,2026-08-09 08:47:41,"Title / Subject:
Urgent: Case ID #167140709 - Frozen for over a month, missed promise date (Aug 4)
Body:
Dear Binance Team,
My account withdrawals have been frozen for over a month (Case ID: #167140709). I was explicitly promised a resolution by August 4th, but I have received no update.
As a business owner, this ongoing freeze is causing severe financial damage and halting my commercial operations.
If a specific transaction is under review, please freeze only that disputed amount and release the rest of my legitimate funds immediately.",1.0,Binance | OM
Trustpilot,2026-08-09 08:47:41,,, | 
Trustpilot,2026-08-09 08:47:41,,, | 
Trustpilot,2026-08-07 21:51:15,"I’ve been trading on Binance for a long time and have built my reputation from scratch through hard work. But sometimes there are ill-wishers or resentful people who might just leave you a negative review for no reason at all...

But it’s good that Binance has a feature to remove negative reviews, right? It’s just a shame that they refuse to remove even the most brazen, unfounded reviews without a valid reason! They just send templated responses saying that users have the right to express their opinions... But what about my opinion? What about the time and effort I’ve invested in building my reputation and in my work? How can you, as a serious platform, allow your traders to be harmed so easily? Where is the justice? And you won’t find any justice here, judging by the

CID: 166020140

Read about the injustice I faced. If you care of course.

Update 1: They didn't send me any information and didn't solve anything... Totally ignore and incompetence. I wouldn't recommend anyone deal with this platform, and God forbid you keep your money there.",1.0,"No protection for traders, no customer service. | AZ"
Trustpilot,2026-08-06 06:36:55,"Case ID: #166628634. Binance support falsely claimed scammer Douk17 was frozen, but their trades increased from 445 to 448 post-claim. Now CS Kimmy admitted in chat logs that the account partially has funds, yet support refuses to lock them. Gross negligence by P2P support team.

Binance posted a copy-paste PR template reply below telling me to follow Live Chat ""guidance.""

The reality? Live chat is stuck in a loop asking for local police reports, knowing full well local authorities do not process retail international P2P disputes.
Meanwhile, CS representative Kimmy ALREADY confirmed in writing that scammer Douk17 HAS funds, yet Binance allowed 3 NEW sell trades after claiming the account was frozen. Binance is actively refusing internal risk escalation for Case #166628634 and hiding behind automated PR replies!",1.0,"CS Kimmy confirmed scammer has funds, but support let them trade! (Case #166628634) | PK"
Trustpilot,2026-08-06 00:24:25,"I have been trying to withdraw my own money for over a week and a half.

First, Binance had technical issues with ZEN withdrawals and told me to use P2P instead. I followed their instructions, but ended up dealing with a dishonest buyer who claimed to have paid.

Binance Support told me that if I obtained official confirmation from ZEN Bank that no payment had been received, they would be able to resolve the case. I spent an entire day contacting the bank, completing additional verification, and finally obtained official confirmation that no incoming payment existed.

After I provided this evidence, Binance did not resolve the case. Instead, they gave the buyer more time—even though the buyer failed to provide the official bank proof that Binance themselves requested.

Throughout this process, I was repeatedly given contradictory information by different support agents. One agent promised one thing, another later admitted that the previous information was incorrect. I spent days under constant stress, repeating the same explanations and providing every piece of evidence requested, yet nothing was resolved.

The worst part is not even the delay—it’s being misled by customer support and receiving apologies instead of actual solutions.

I used to believe Binance had one of the best support teams. Unfortunately, after this experience, I no longer believe that is true. I hope this review helps other users understand what they may face if they ever need real assistance.",1.0,I have been trying to withdraw my own… | DK
Trustpilot,2026-08-05 14:35:17,I changed my password using the site prompts and my account has been under review for over a week. I have bitcoin on there that I cannot access. I have tried to talk to a representative but get no one. I have asked for a refund and it is still under review. I would not use this site,1.0,I changed my password using the site… | US
Trustpilot,2026-08-02 17:13:32,"My Binance personal account has been restricted for over 2.5 months (75+ days) without any transparent reason or requests for documentation. On July 16th, support confirmed my case was officially escalated, but today on July 30th, they just quoted the Terms and Conditions and told me to wait. Keeping a user's personal funds locked for over 75 days with no clear compliance requirement is completely unacceptable. Customer support is only sending automated templates. Please have a senior manager review my Case ID urgently.

LATEST UPDATE: Today I went to the live chat as instructed. Agent Nicholas ignored my case completely, gave me a template expanding the wait time to 3-4 weeks, and when I confronted him about Binance's public promise for an urgent escalation from 3 days ago, he literally stopped responding and ignored my messages. This is how Binance treats users whose personal funds they hold hostage for 75+ days! Unprofessional and completely unacceptable.",1.0,Personal funds frozen for 2.5 months. Case ID: 162252824 | BG
Trustpilot,2026-08-02 07:44:22,"I tried to fund my account in June 2026. My deposits kept failing with no explanation and no error message telling me why.

I eventually worked out the reason myself: there was an undisclosed $300 daily cap on my account. Their own records show my credited deposits that night summed to exactly $300 — and every single attempt after that was declined. 16 failed attempts total.

The next morning a $1.00 deposit was declined. Not $400 — one dollar. That's how I knew it wasn't my bank.

Binance.US then confirmed my Advanced Verification, advertised ""higher deposit limits,"" and prompted me to deposit funds. I did. Two of those deposits were later reversed, and I received a collection notice saying my account had an
""unpaid balance"" and that they had the right to recover it from my account.

I never withdrew a cent, never made a trade, and never held any crypto. Their own transaction records confirm all three. When the disputed deposit was reversed, my account held $618.38 — more than enough to cover it. My balance never went negative. There was no unpaid balance to collect.

I'm also missing $21.62 that doesn't appear as a fee on any record and can't be explained by any withdrawal or trade, because there weren't any.

Undisclosed limits caused the failures. Then I got a debt notice for it. Avoid.",1.0,"Undisclosed deposit limits, then billed me for a balance I never owed | US"
Trustpilot,2026-08-01 13:16:47,"Case ID #165674785

Hello I m seller i send money my friend I have full proof last months but binance my account locked 24h then I have to wait 24h then I checked again but my account temporarily suspend 30 days my account suspended 09-06-2026 to 20-07-2026 but now date is 31-07-2026 i contact daily support but support say me wait for mail reply wait for mail reply but I didn't get any mail it's scam my money now I want my money back please help 🙏🙏🙏",1.0,Scam 144$ | IN
Trustpilot,2026-08-01 11:41:33,"I am having an issue with an uncredited deposit recovery request.

The requested verification video has been submitted several times, following all the instructions provided. However, the application keeps being rejected without any clear explanation of what is missing or incorrect.

The video includes the required information, such as my ID, the login process for the source account, and the communication with the platform that processed the refund. The refund transaction was successfully completed on the blockchain, but the funds have still not been credited to my Binance account.

Attempts to contact Binance through live chat have also been unsuccessful, as the system keeps redirecting me to automated responses without providing any clarification.

A manual review of the case would be appreciated, along with a clear explanation of what is wrong with the previous submissions. If something is missing, please specify exactly what needs to be corrected instead of rejecting the application without further details.

Uncredited Deposit Application ID: XnMwE2AUWbkBrUnIokqB",1.0,Recovery request repeatedly rejected without explanation | PT
Trustpilot,2026-08-01 05:44:20,"Binancs P2P is encouraging scammers on thier platform ,I wanted to sell my USDT,buyer marks the transaction as done but its fake ,he fails to produce evidence of payment whiles seller produce video and screenshot of bank account where no payment has been done,buyer breach p2p rules by asking seller to go on WhatsApp and after over 12 hrs my USDT is not released to me? Why are binance still holding my USDT if buyer fails to provide proof of payment for over 12 hrs ?
Order number : 22916538465524146176",1.0,Binancs P2P SCAMS | AE
Trustpilot,2026-08-01 00:53:50,"I was told to pay a $250 fee to make a withdrawal. I was told the withdrawal could be made after a certain time the next day. The time came, and then I was told to make another fee of $200.
This company is all about fees, not service, and there are better companies to do business with.",1.0,"Fee after fee, in spite of what is said. | US"
Trustpilot,2026-08-01 00:01:11,"I would like to talk to you about withdrawals on Binance, which are a complete nightmare. I wanted to withdraw my money and I have never had such a hard time doing so, especially with the Passkey system which doesn't work properly.

If you want to withdraw your money, you go through the classic procedures: phone number, email, 2FA, and then comes the PASSKEY—that's where the nightmare begins.

To verify, you scan a QR code with your phone, you validate it, and then you get a new QR code, this time directly on your phone screen. How are you supposed to scan a QR code with your own phone? If, like me, you manage to find a workaround, you scan it only to get an ""error occurred"" message.

Absolute BLISS. In the end, my account is almost locked due to too many failed attempts.

Thank you Binance, I'm taking my money out and GOODBYE!",1.0,withdrawals | FR
Trustpilot,2026-07-31 05:44:49,"you lying on public they block me

case id 166483012

I have a binance account for 3 years and always i was losing in trades , the past 4 days i bought EXED currancy and from 1700 usd i made 7200 usd , after that i sent the money to my mother because she have an operation in the hospital , we woke up in the next morning that my account and my mother account is frozen and they claim that 48 days ago i had a transfer which is flaged we sent all the needed from screen recording proof everything they asked for but every time we send they go back from my mother wallet to my wallet to my cold wallet to my friend wallet and now they need a screen recording from the crypto office that transfe4 to my friend that he transfer to my cold wallet to my binance wallet to my wallet , in the end they dont want me to get the cash out of the system",1.0,case id 166483012 | AM
Trustpilot,2026-07-29 15:35:02,"Same shit as Kraken! Just a rip-off and no refund! Here's proof below Binance that you are thieves too! These are my funds but you hold them and don't give me access to my money! Investigate this and you will see that I bought ETH on this wallet but I was never given access to my money! Cryptocurrencies are the biggest scam since the beginning of humanity! Give me my money back, you gang of thieves! Here's the proof!

Subject: Formal Request for Compliance Review – Fraudulent Transaction Involving Binance Deposit Address

Dear Binance Legal & Compliance Team,

I am submitting this formal request for a compliance review regarding a suspected fraudulent transfer of cryptocurrency. After tracing the funds on the blockchain, I have confirmed that assets originating from my wallet were deposited into Binance-controlled addresses. I request that Binance initiates an internal investigation, preserves all relevant data, and prepares to cooperate with law enforcement.

Summary of the incident
I was deceived into transferring cryptocurrency, and the funds were subsequently routed to Binance deposit addresses. I have documented the full transaction path on the blockchain and can confirm that the recipient is using Binance services.

Details of the transaction chain
Originating wallet (my address):
0x0B00b5401C39642CFe4E3c56bDFB45af98e6Ca26

Blockchain: Ethereum

Transaction hash(es):
(Please insert the relevant ETH transaction hashes here — I can help you list them if needed.)

Receiving Binance deposit addresses:
0x3bF520...5cC809
0x9b9096...D5dFa9
(Add any additional Binance deposit addresses identified.)

Request to Binance Legal / Compliance
I respectfully request that Binance:

Identifies the Binance account(s) that received the above-mentioned deposits.

Preserves all relevant data, including KYC information, login history, IP logs, device fingerprints, and internal transfer records.

Freezes the associated account(s) if possible, pending law enforcement action.

Prepares to provide all relevant information to law enforcement upon official request.

Confirms receipt of this compliance request and outlines the next steps.

Law enforcement involvement
I am prepared to file a formal police report and provide all blockchain evidence. I request that Binance retains all relevant data to ensure it is available for investigation.

Thank you for your cooperation.
Sincerely,
Dzemil Novalic",1.0,Same shit | SE
Trustpilot,2026-07-24 12:46:41,,, | 
Trustpilot,2026-07-24 12:46:41,,, | 
Trustpilot,2026-07-24 12:46:41,,, | 
Trustpilot,2026-07-24 12:46:41,"Binance is great when it works. Low fees, huge selection of coins, and P2P is probably the best in the market. I've been using it for over two years to move funds in and out of my poker accounts, and 80% of the time, everything goes smoothly.
But here's the problem - customer support is painfully slow. I had a withdrawal stuck for almost 48 hours last month, and the chat support kept giving me generic copy-paste responses. No real help. It eventually resolved itself, but I had zero communication about what went wrong. That's not okay when you're dealing with real money.
Also, the mobile app keeps pushing notifications about promotions and shitcoins I don't care about. Feels spammy.

Would I recommend Binance? Yes, but with a warning - don't expect any support if something goes sideways. It's a love-hate relationship. 3 stars for now. Might change if they fix customer service.",3.0,Binance is great when it works | EG
Trustpilot,2026-07-24 12:46:41,,, | 
Trustpilot,2026-07-24 12:46:41,,, | 
Trustpilot,2026-07-24 12:45:09,"very hard to use, only for professionals which are 0,1%
even the creators dont know what they are doing, one couldt by through paypal which they stopped.
transfered all my crypto to other easy to use apps.",1.0,Very hard to use | NO
Trustpilot,2026-07-24 05:09:13,"I just went to sign up for Binance TH -Please DONT DO IT, what a shocking experience I got as far as the PDF's to download and my mobile froze in the app - I try to contact their service desk & Im required to take a video of myself stating my name todays date and that I give them the Ok to modify my goggle authenticator what an absolute horrid experience the 30 minutes sign up turned to an hour and both my mobile an their online verification were still frozen at the PDF upload and nothing I could do - Dont sign up really dont sign up! what a horrible experience I ended up having to disable account what a horrid, horrid experience truley Dont sign up they have no service back up or real assistance I would even give then one start absolutely worst on line sign up experience ever.",1.0,I just went to sign up for Binance TH… | TH
Trustpilot,2026-07-23 13:49:39,"Good excnage, but it's better to find another one for funds holding.",4.0,Good excnage | NL
Trustpilot,2026-07-22 20:30:50,"Binance P2P operates as a predatory platform that actively enables financial loss and provides zero accountability. Losing thousand of Euros on Order ID 22897699353152159744 exposed the terrifying reality of their broken dispute resolution system, which routinely hands funds over incorrectly while completely abandoning buyers that have contributed to their long term platform growth. Instead of investigating proof of payment or offering a fair appeal process, the platform simply allows people to cheat us buyers of our hard earned funds and they cover themselves to prevent litigation and lawsuit through the excuse of timing out and other protocol. Their entire support infrastructure consists of soulless automated bots designed solely to deflect blame, stall complaints, and protect the other party. Operating an escrow service that handles thousands of euros while maintaining zero real-time human protection makes them entirely complicit in the theft of user capital. Anyone trusting them with their hard-earned money is gambling against a rigged system that will gladly take the funds and lock the doors behind them.",1.0,Binance P2P: A Predatory Platform That Enabled Theft | PL
Trustpilot,2026-07-22 15:58:55,,2.0,The onboarding is very difficult | AT
Trustpilot,2026-07-22 09:51:29,Binance is a scam. Stay away from this platform. Its impossible to withdraw your funds and your money is lost.,1.0,Binance is a scam | DK
Trustpilot,2026-07-20 15:01:32,"UPDATE (July 20, 2026): This platform is an absolute joke. Today, their public relations team replied to my previous review claiming they ""reached out to their fiat partner (Case ID: #164107094).

However, when I opened the Live Chat immediately after, the agent (Danijel) gave me the exact opposite automated excuse, claiming ""funds have not been received yet."" They have absolutely no idea what they are doing. The transfer was REJECTED by the correspondent bank J.P. Morgan (Reference: 2107971165J5) over a month ago, which means the money was returned to Binance's provider.

Their chat support is completely useless, contradictory, and just trying to stall. They are hiding behind templates while my money is missing. I have already notified the U.S. FTC (Report #204177760) and CFPB, and my bank is initiating a SWIFT recall today. Do not trust Binance with your fiat transfers!",1.0,UPDATE (July 20 | BA
Trustpilot,2026-07-18 17:13:22,My experience with Binance was terrible. I stopped using this app after my asset was frozen without any proper explanation.,1.0,My experience with Binance was… | NG
Trustpilot,2026-07-18 12:09:08,"Binance has an absolutely disgusting and horrible attitude toward its customers; I honestly cannot imagine a worse platform right now. Their support team responds exclusively with generic scripts, and the moment you try to ask for detailed information, they completely ignore you.

Case ID #165867338
The deadline to resolve my issue has already passed—it has been left hanging for over 43 days! No new deadline has been given, and nobody can tell me when this will be resolved. It is pure stonewalling. With this kind of treatment, I have completely lost any desire to ever use this platform again. Shame on you! Your total lack of customer care and sheer negligence is absolutely repulsive.

Waiting for over 43 days with zero clarity while getting nothing but scripted, copy-pasted answers is exhausting, especially when dealing with a financial platform.

Please be incredibly careful if you choose to use this platform. They can freeze your account and hold all of your funds without warning. They told me to wait 42 days, and now that the deadline has passed, they just keep telling me to wait indefinitely without offering any explanation whatsoever.",1.0,MY WHOLE ACCOUNT GOT FROZEN AND IT’S BEEN 43 DAYS I DIDN'T HEAR ANY UPDATE!! | VN
Trustpilot,2026-07-17 19:17:45,shitties site and app u will ever see i proved everything that money was mine and all legit and they wanted to return to original app hot wallet i proved sender id was different they said it would take 1 week then 2 week now 30 days and my money is stuck shitty ass site,1.0,shitties site and app u will ever see i… | GE
Trustpilot,2026-07-17 16:30:11,"My experience using binance.

They are the flagship for the crypto exchange offering nearly every crypto service you might need. It's easy to trade with relatively fast executions(even though I am geographically very far apart) and markets are very liquid so your stoploss and other limit orders will be executed in most cases.

Binance support can be good, depends on who you get and what your problem is. Everything flows very smoothly while you are using this app, could be little better, not on Bybit level in UI and user experience but it's close.

However, they do still list coins that they shouldn't list and crypto exchange of this reputation should know better. Room to improve, for sure.",4.0,My experience using binance. | HR
Trustpilot,2026-07-16 21:06:25,"I am extremely disappointed with Binance's handling of my case.

Although Binance received my tokens, they informed me that I simply have to wait ""a few months"" until they are able to recover data from their alpha version before they can begin assisting me. They explained that no recovery can be processed immediately and that additional time is required before support can be provided for cases like mine.

What made the experience even more frustrating is that Binance closed my support ticket instead of keeping it open or placing it on hold until the issue could actually be addressed. As a result, every time I contact customer support, I have to explain the entire situation from scratch, despite the fact that the chat history is available. This makes the support process unnecessarily time-consuming and exhausting.

Waiting several months because of Binance's internal technical limitations is simply unacceptable. Customers should not have to bear the consequences of issues within Binance's own systems, especially when there is no clear timeline or proactive follow-up.

Overall, the lack of communication, the closure of my case before it was resolved, and the need to repeatedly justify my situation have made this a very poor customer support experience. I hope Binance improves its asset recovery process, keeps unresolved cases open, and provides customers with clear updates instead of leaving them to start over with each new conversation.",1.0,I am extremely disappointed with… | FR
Trustpilot,2026-07-15 16:01:41,trading futures in binance is absolutely a scam extremely high fees that will make impossible to win NEVER USE BINANCE,1.0,"trading futures in binance is…SCAM extremely high fees, Impossible to win | XK"
Trustpilot,2026-07-12 16:11:56,"My experience with Binance - Please be aware

I have been a Binance user for a long time. Previously, I sent payments twice to the same wallet address without any issue. Binance processed those transactions successfully.

Recently, I sent another payment of $90 to the same address to pay a Forex educator for tutorial videos and mentoring. This time Binance informed me that the address violates its Terms of Use and froze my account for an investigation.

As a result, about $1,450 of my personal funds—which are unrelated to the $90 payment—are frozen until approximately 20 August.

I understand Binance has to investigate suspicious activity. However, I question why the same address was accepted previously and then later treated differently, and why the entire account must be frozen for more than 40 days instead of only the transaction under review.

Binance should reviews this policy and finds a fairer way to handle situations where users may have acted in good faith without knowing an address had become problematic.",1.0,My bad experience with Binance | AF
Trustpilot,2026-07-11 22:29:58,"Everything was fine on Binance for a while until I logged in one day and I got a message suddenly saying my account is locked and will close immediately. I had 15k in my account which I was about to send crypto that morning. I never had my vacation and they still haven't resolved the issue. This is already the 5th day and I have the same message when I attempt to log in, saying they are working on the problem. This is worst customer service I have seen in a long time. There's nobody to contact and no number provided.",1.0,Horrible customer service | US
Trustpilot,2026-07-11 05:38:00,"This is ref: Binance 9th-year meetup happening in Colombo - registration. / Binance Case ID 165127952
As a practice, whenever I receive an invitation request for such an event from Binance, I try to register for it. But as usual, even though I did it on the same second, I am getting the message ""registration closed"". As per customer service, registration was done on a first-come, first-served basis.
But I had noticed through social media channels that a certain set of people were in every year's events, which means they haven't had a registration issue at all.
After bringing this concern below is the reply I got from Binance. Invitation request emails were sent gradually in sets. So not as one bulk. which mean to say they have the opportunity to decide which sets were getting emails or indirectly control registration; this is very unfair. First place they should not send emails to an event if registration was closed. So, as per my understanding, to show the world they are fair enough, they are sending emails to everyone even after registration was fully booked using the people they want to be in the event and sending invitation emails to the rest after registration closed. This happens every time. Below is their reply

""As event seats were offered on a first-come, first-served basis, and notifications were sent gradually, I am sorry that at the moment all available spots were filled quickly before your signup could be completed.
07:46""",1.0,Binance Case ID 165127952 | LK
Trustpilot,2026-07-10 10:35:21,"Worst company and support ever, froze my funds for almost 2 years for no reason at all",1.0,Worst company and support ever | US
Trustpilot,2026-07-08 21:18:04,"Never use this platform and better always use private wallets instead. These guys are completely unprofessional and their support sucks full of lies and wrong promises, to collect money for any service like KYC etc they follow up like anything after paying the payment, they ignore you and again come up with another beautiful idea to steal your money...they say we resolve the issue in 30min and that 30 min will go to 30 days and still no solution. No accountability to customers and no SLA's adhered by the support team. It will all go well as long it goes, once any issue comes and you need to contact support, you are gone ...god only knows when that issue will be resolved! Save your money better go to provate wallets!",1.0,Their support team sucks! Not trustworthy application and very poor SLA's | KW
Trustpilot,2026-07-08 03:08:39,"Binance customer services and Binance itself, steal your identification all legal documents, ID just to state unverified even after video call stating my name holding my ID and information Still being declined, And when they cannot figure out how, they pass you on to the next Customer service. And specialist who cant help, people are only limited in giving what they can provide, yet they ask for far more then is necessary to do so, and treat you like a criminal, dont ever sign up with Binance there are way better platforms.",1.0,Binance customer services and Binance… | NZ
Trustpilot,2026-07-07 12:31:28,"This is my order number: 22907507862900588544. The other party neither made the payment nor provided any proof, yet the order was automatically released. Subsequently, they left negative feedback for me—despite me doing nothing wrong—and now Binance refuses to remove it. It is the worst platform in the world; I have been speaking to Binance chat support all day, but my issue remains unresolved. They claim it is out of their hands, stating that the negative feedback can only be removed if the other party agrees to it; otherwise, it stays.",1.0,Useless platform | PK
Trustpilot,2026-07-06 00:56:18,"If the founders coins are frozen, the protocol is broken.",1.0,If the founders coins are frozen | US
Trustpilot,2026-07-04 00:05:15,"I don't even know where to start... I've been using Binance practically every day for 7 years. I never had my account restricted or faced any issues whatsoever. Last week, I transferred USDT from my BingX account to Binance; imagine my shock when I checked Binance and found the two deposits I’d made were FROZEN. I spent two days waiting for a response from support chat—which is full of actual bots using canned phrases; they can't solve a thing and are completely useless. After that two-day wait, they told me my account had been closed (WITHOUT ANY EXPLANATION. NOTHING! ZERO) and that I had 7 days to withdraw my funds—funds that are currently frozen and impossible to withdraw. I'm speechless; it's some of the worst customer support I've ever seen. Binance is dead.",1.0,I don't even know where to start.. | PT
Trustpilot,2026-07-03 11:28:03,"i have submitted a deposit appeal 10 days ago still its pending , there is no proper support in there support chat they will just waste your time , even i have uploaded every proof even i showed them my conversation between me and apposite platform from which refund was initiated .

literally i am tired each and every day only support agents tell me that that come back after 1 day , come back on friday they will just waste our time but not provide any solution",1.0,i have submitted a deposit appeal 10… | IN
Trustpilot,2026-07-02 22:36:40,"If I could give a negative star(s) I would. I have submitted my utility bill, a government document and internet bill for address verification but none have been accepted. Strange thing is I can still trade (only by card payment and can't add funds via SEPA transfer). I'll no longer be trading with you and recommend others also stop or not start if they are considering Binance. I will be closing my account and go elsewhere.",1.0,If I could give a negative star(s) I… | IE
Trustpilot,2026-07-01 21:12:44,"Binance is a scam, they ssid and wrote to my email that it will be possible ro sell crypto on spot market after 01/07/2026 but they blocked trade completly, not possible to sell anymore. Run away quickly from there, before they steal your money",1.0,Binance is a scam | PL
Trustpilot,2026-07-01 21:04:43,,1.0,very bad company | IN
Trustpilot,2026-07-01 06:28:26,"Scam says you have a date to withdraw by but don’t let you withdraw before that date purposely ignore you till after that date then say it’s to late

SCAM AVOID",1.0,Scam says you have a date to withdraw… | GB
Trustpilot,2026-06-30 13:02:24,Fake website binance my account is verified finance account and no no response no idea no future nose course no difficult culture binance wallet very bad result bynas my experience.,1.0,Fake website binance my account is… | PK
Trustpilot,2026-06-29 19:54:32,Binance is just a scam I would never trade with them again because they overleverged my position to make me lose i was doing just 50x leverage and then i found they put the trade on 75 x leverage such a scammers.You will hit by karma soon for all the wasted money you do on my behalf and for the people also.shame on you! :/,1.0,Binance is just a scam I would never… | DZ
Trustpilot,2026-06-27 17:52:54,"I have been a verified Binance user for several years with a clean account history and fully completed KYC. I use the platform for standard crypto transactions — sending and receiving USDT.
Without any warning, my account was hit with error RW00218, completely blocking my withdrawal function. I contacted support immediately.
The response has been nothing but automated copy-paste messages telling me to ""wait 24 hours."" That same message has been repeated on loop with no actual resolution, no human review, no specific reason given, and no timeline provided.
Support has now generated multiple case IDs — #164242488 and #164266453 — yet still not a single meaningful update. Not one agent has explained what is being investigated, which team is handling it, or when it will be resolved. Every response is identical. It is clear no one is actually reviewing anything.
Looking at other users on this platform and public forums, this is a well-documented pattern. Users are told to ""wait 24 hours"" indefinitely — sometimes for over 30 days — with zero communication and zero transparency. The Reddit community is full of identical complaints.
I have offered repeatedly to provide any additional verification or documentation required. No one has asked for anything. No one has given a real answer.
My funds are inaccessible. No reason. No timeline. No accountability.
This is not a security measure — this is holding user funds hostage with no communication. A platform trusted by over 200 million users worldwide should be capable of providing basic transparency: what is under review, who is reviewing it, and when it will be resolved.
Binance — Cases #164242488 and #164266453 — I expect a real response from a real human with a real timeline. Not another ""please wait.""",1.0,"Withdrawal Blocked With No Reason, No Timeline, No Human Review — Multiple Case IDs, Zero Resolution | BD"
Trustpilot,2026-06-25 22:44:42,"Binance SCAM
THEY BLOCKED MY WITHDRAWALS 1 year ago for no reason. Then after few complaints they contacted me a bit. Now they are silent again.

When i asked about it in their telegram group- they banned me!
BINANCE SCAMMING THEIR USERS AND TRYING TO HIDE INFORMATION ABOUT IT.
They doesn’t want to give my funds back to me!",1.0,Binance SCAMMERS | GB
Trustpilot,2026-06-24 21:56:19,"Horrible website, you shouldn't trust it with your money. It is extremely complex to get any money out.",1.0,Horrible website | SE
Trustpilot,2026-06-24 04:29:07,"Binance used to be my favorite exchange, but now it’s honestly the worst. They’re forcing users in Myanmar to upgrade to 'Verify Plus' by demanding an endless mountain of paperwork. At first, they just asked for proof of address, so I uploaded a bank statement. When they asked for more info, I reached out to Binance support chat, and the agent suggested I submit a different bank statement,so I did. But then they moved the goalposts completely, demanding tax documents, sources of income, and even three months' worth of sales invoices! The hilarious part? I started with a few hundred dollars and built it up to my current balance of $1,500 to $2,000, not like $100k or 1M +! The whole point of using crypto is to escape overreaching control, but right now, Binance is acting more than the actual government or bank, demanding a full report on our income from A to Z.
And they have set a strict deadline for updating the info. Failure to provide the required data in time will likely result in account restrictions. It's totally ruined the convenience.",1.0,Binance used to be my favorite… | MM
Trustpilot,2026-06-23 10:57:14,"Last month my account was hacked and Binance couldn't do anything and they couldn't reverse the transactions $3000 USDT was taken out even though I have 2FA, email and sms and they told me I had a passkey and I never ever had a passkey on my account. I can conclude that Binance hack our accounts and they eat our money. For me they just a scam exchanger and nothing more. They eat our money without any consequences and maybe it time we file with the authorities.",1.0,Last month my account was hacked and… | ZA
Trustpilot,2026-06-21 12:49:12,"bad support treatment i will not use this bad platform again .
My account has been restricted from withdrawal for more than 30 days (Error Code: RW00142). The specified lock period has completely ended, yet the security team has not requested any documents or proofs from me. Chat support keeps telling me that they have 'expedited the process' without providing any actual solution or clear response.",1.0,bad support treatment i will not use… | MA
Trustpilot,2026-06-21 10:08:31,"Do not trust this platform. Someone withdraw all my money and binance did nothing to support. They don't care about you. Security is so weak. I hope they get closed down absolute scammers.
Had a reply asking me for cid number.gave that to that at the time and they did nothing but string me along for weeks. Please don't reply trying to make out you care and you will help. Do you think I wouldn't have done this after losing thousands of pounds in the first place.",1.0,Do not trust this platform | GB
Trustpilot,2026-06-19 18:17:56,"They are very unprofessional. They closed my account without any reason and they said that they are unable to tell me the reason.
Stay away from this Scammers.
Use another crypto exchanges but never binance.",1.0,They are very unprofessional | PK
Trustpilot,2026-06-19 16:34:16,"I am a Binance user (User ID: User-82553).
Reference Number: CC9489810
Case ID: #163651367

Approximately two months ago, while attempting to make a withdrawal, my account activities were suddenly frozen due to an alleged policy violation. After contacting Binance Support, I was initially informed that the review process would be completed within one month. However, more than two months have now passed, and I am still being told that there is no estimated completion date.

During this period, I have received no meaningful updates, no clear explanation regarding the alleged violation, and no timeline for resolution. As a result, I have effectively lost access to my funds and account functionality for an indefinite period.

I understand and support compliance and security procedures. However, freezing a customer's account for months without transparency, evidence, or a defined resolution timeline raises serious concerns regarding customer rights and fair treatment.

I would strongly advise Binance users to be cautious and to consider the possibility that their accounts and funds may become inaccessible without prior notice while under prolonged review.

I hope Binance will provide a clear explanation and resolve this matter as soon as possible.",1.0,Binance Can Freeze Your Account Without Warning and Provide No Timeline | TR
Trustpilot,2026-06-19 14:55:30,"Case ID #162662809
They've been holding my money for 40 days! When I contact support or try to find out anything, no one gives me any specifics! Do something already!!! Stop hiding and deceiving people!",1.0,Case ID #162662809 | CH
Trustpilot,2026-06-19 02:19:20,"All are scammers, Bewear, don't use this app your money will be scammed",1.0,All are scammers | IN
Trustpilot,2026-06-18 19:57:22,its a scam price always dips below your Liquidation Call and then gos up soon after !!! its a scam al of it !,1.0,its a scam price always dips below your… | GB
Trustpilot,2026-06-18 03:39:31,I used binance chat bot to get help to withdraw my funds. It told me to convert my funds to different fiat currencies to troubleshoot and at last told me it would not be possible. When speaking to customer service they tell me I am in the wrong for trusting their chat service and that ”the bot does not have control of your account” as they bag the conversion fees. Never use binance there are many platforms that are both cheaper and honest.,1.0,Binance use chatbot to get users to convert away their funds. | SE
Trustpilot,2026-06-17 15:00:27,"Garbage

I have an account I have tried to get on for months, no help at all just round and round circles as my verification is an old phone number.. to change it I have to log in .. I can't scrappy binance because my phone number no longer exists

Bloody rubbish, no one to help",1.0,Garbage | GB
Trustpilot,2026-06-16 16:06:15,"My account was disabled with a notice ""security concerns or violations of Terms of Use."" I reached out to support and was told I could appeal, they promised to investigate and explain their findings within 24 hours. The next day, the only response I got was that after ""checking,"" they'd decided to keep my account suspended. No explanation of what I actually violated, despite the promise.
It's their right to suspend accounts, but refusing to say what rule was broken, after explicitly committing to explain, is poor treatment of customers. I'd recommend staying away from them. Case ID #163273472",1.0,My account was disabled with a notice… | LT
Trustpilot,2026-06-14 13:24:41,"Critical P2P Safety Issue: No MFS Account Filtering in Bangladesh
Binance 1 ster 😁
❌Binance P2P Bangladesh still lacks a basic filtering system for❌ Personal, Agent, and Business MFS accounts. This creates confusion, failed transactions, disputes, and unnecessary risks for users every day. It's surprising that such a critical issue remains unresolved despite continuous feedback from the community. User safety and transaction transparency should not be overlooked. The P2P payment method system urgently needs improvement.

❎please change payment method Option (bkash parsonal)",1.0,Critical P2P Safety Issue | BD
Trustpilot,2026-06-13 23:12:52,"My account was restricted following a compliance review.

I repeatedly asked support to explain the basis of the decision made on my account. Instead of receiving a direct explanation, I was repeatedly told that the decision was final.

My questions remained unanswered, and most responses appeared to be template replies rather than meaningful communication.

Case ID: 163198138

Update:

Binance publicly states that all relevant information has been shared. However, in the support chat I was repeatedly informed that Binance is unable to disclose further case assessment details.

These two statements are difficult to reconcile.

Throughout this case, I repeatedly asked how the conclusion was reached and how it was linked to my account. I was provided with a final decision, but not an explanation.

Being told to return to chat for further questions, while chat simultaneously states that no further information can be provided, leaves customers without any meaningful path to clarification.

I leave readers to draw their own conclusions.",1.0,Final decision without explanation | CY
Trustpilot,2026-06-13 21:43:30,"If you want your account to be freezed for nothing, this is the place to be.

I just updated my phone number, validated sms, and face live check, then they freezed my account for two days, when I contacted support, he just repeats informations and told me : we can do nothing to help.

They dont have a costumer service, agents provocates you to be more angry.

Case ID : 163340779",1.0,If you want your account to be freezed… | ES
Trustpilot,2026-06-12 12:03:53,"I would like to formally express my dissatisfaction with the handling of my case (Case ID: #163251504).

I fully cooperated with the verification process and promptly submitted the requested video and identification over a month ago. Despite this, my funds remain inaccessible and I have received no meaningful updates or estimated timeframe for resolution.

I understand the need for security reviews, but the lack of communication and transparency is extremely frustrating. Each time I contact support, I am only told that my case has been “expedited” without any further information.

I kindly request a clear update on the status of my case and an indication of when I can expect this matter to be resolved. The current delay is unreasonable and I would appreciate a prompt and meaningful response.

Thank you and I look forward to hearing from you soon.",1.0,Dissatisfied service with delay of action and information | QA
Trustpilot,2026-06-11 15:41:38,"Binance P2P Bangladesh still lacks a basic filtering system for Personal, Agent, and Business MFS accounts. This creates confusion, failed transactions, disputes, and unnecessary risks for users every day. It's surprising that such a critical issue remains unresolved despite continuous feedback from the community. User safety and transaction transparency should not be overlooked. The P2P payment method system urgently needs improvement.",1.0,Critical P2P Safety Issue: No MFS Account Filtering in Bangladesh | BD
Trustpilot,2026-06-11 08:45:30,"I've never written reviews about companies. I always thought anything could happen and that human error was involved. But I'm currently experiencing this problem: I opened a p2p order, and the agent marked it as paid within 10 minutes, even though I'd submitted all my bank account information. But then I didn't receive payment, and of course, no response. I filed an appeal, as expected. I provided the appeals team with a screenshot, a PDF statement, and a video of my screen from another device, as they requested. But the agent isn't responding at all. So, seven hours have passed, and the agent still hasn't responded, but they've asked me to wait another three hours, and that's not necessarily the last one. I'm offering them any evidence they'd like to see. But they ignore all my messages about how the agent doesn't care, and I need the money to buy medication, food, etc. Of course, I understand that it's not their problem. But in this obvious situation, they're not making any decisions, they're just putting me on hold, and I'm noticing that the agent has been ignoring them for over seven hours and hasn't provided anything.
My order number: 22897996133545205760
My complaint was registered under number CC9436801

Update: It's been almost a day, and they still haven't resolved anything. And of course, the agent continues to ignore them. Unfortunately, I couldn't write them a response, so I added to my review that it's a lie that they're trying to resolve the issue quickly!",1.0,I've never written reviews about… | UA
Trustpilot,2026-06-10 17:08:19,"⭐ 1/5 rating
Bangladesh's Binance P2P market lacks a crucial feature: the ability to distinguish between Personal and Agent Mobile Financial Service (MFS) accounts such as bKash, Nagad, and Rocket.

Due to the absence of proper filtering options, a significant number of orders are canceled every day because buyers and sellers have different account-type requirements. This results in wasted time, reduced trading efficiency, unnecessary disputes, and a poor user experience for both traders and merchants.

Binance has successfully adapted P2P features to meet the needs of local markets in many countries. However, the Bangladesh P2P market still lacks a basic and highly requested functionality that directly impacts daily trading activities.

We urgently request the implementation of:

• Personal Account Filter
• Agent Account Filter
• Custom Payment Method Tags
• Mandatory Account Type Display Before Order Creation

Addressing this issue would significantly improve transparency, reduce order cancellations, enhance user satisfaction, and create a more efficient trading environment for the entire Bangladesh P2P community.

We hope Binance will prioritize this long-standing issue and provide a solution as soon as possible.",1.0,⭐ 1/5 rating | BD
Trustpilot,2026-06-10 15:10:20,"As verified P2P Merchants from Bangladesh, we fully support Binance's continuous efforts to maintain a zero-tolerance policy against any extra or hidden charges. Transparent pricing creates a secure environment and protects long-term user trust.

Following the strict implementation of this policy, the entire Mobile Financial Services (MFS) P2P market (such as bKash, Nagad, Rocket, and Upay) is facing a technical and structural challenge. In Bangladesh, MFS platforms operate under two completely different account systems: Personal Accounts and Agent Accounts.

Currently, grouping both systems under a single payment tag is causing operational conflicts for both types of merchants and creating confusion for general buyers. To ensure a balanced, fair, and healthy ecosystem for everyone, our entire merchant community collectively proposes the following update:

Separation of MFS Payment Methods: ""Personal"" and ""Agent""

The Problem: Personal and Agent accounts have completely different on daily transaction limits, cash-flow regulations, and operating mechanisms. However, because both account types are merged under a single unified MFS tag (e.g., ""bKash"", ""Nagad"", ""Rocket"", or ""Upay""), buyers cannot distinguish between them on the ad list. This often leads to accidental orders, frequent cancellation requests, customer dissatisfaction, and unnecessary trade disputes, as buyers place orders without realizing the specific account requirements. This structural gap creates operational delays for both Personal and Agent merchants.

Our Proposal: We request Binance to split the primary MFS options into distinct payment methods based on account types: for example,

""bKash Personal"" / ""bKash Agent""
""Nagad Personal"" / ""Nagad Agent""
""Rocket Personal"" / ""Rocket Agent""
""Upay Personal"" / ""Upay Agent"".

This structural clarity will allow buyers to filter and trade according to their exact preference, significantly reducing order cancellations and helping both merchant models operate smoothly within their respective spaces without any conflict.

We believe this change would improve transparency, reduce avoidable disputes and order cancellations, enhance user experience, and support Binance's objective of maintaining a fair, efficient, and compliant P2P marketplace in Bangladesh.

Submitted on behalf of the Bangladesh P2P Merchant Community.",1.0,As verified P2P Merchants from… | BD
Trustpilot,2026-06-09 22:37:57,"As verified P2P Merchants from Bangladesh, we fully support Binance's continuous efforts to maintain a zero-tolerance policy against any extra or hidden charges. Transparent pricing creates a secure environment and protects long-term user trust.

Following the strict implementation of this policy, the entire Mobile Financial Services (MFS) P2P market (such as bKash, Nagad, Rocket, and Upay) is facing a technical and structural challenge. In Bangladesh, MFS platforms operate under two completely different account systems: Personal Accounts and Agent Accounts.

Currently, grouping both systems under a single payment tag is causing operational conflicts for both types of merchants and creating confusion for general buyers. To ensure a balanced, fair, and healthy ecosystem for everyone, our entire merchant community collectively proposes the following update:

Separation of MFS Payment Methods: ""Personal"" and ""Agent""

The Problem: Personal and Agent accounts have completely different on daily transaction limits, cash-flow regulations, and operating mechanisms. However, because both account types are merged under a single unified MFS tag (e.g., ""bKash"", ""Nagad"", ""Rocket"", or ""Upay""), buyers cannot distinguish between them on the ad list. This often leads to accidental orders, frequent cancellation requests, customer dissatisfaction, and unnecessary trade disputes, as buyers place orders without realizing the specific account requirements. This structural gap creates operational delays for both Personal and Agent merchants.

Our Proposal: We request Binance to split the primary MFS options into distinct payment methods based on account types: for example,

""bKash Personal"" / ""bKash Agent""
""Nagad Personal"" / ""Nagad Agent""
""Rocket Personal"" / ""Rocket Agent""
""Upay Personal"" / ""Upay Agent"".

This structural clarity will allow buyers to filter and trade according to their exact preference, significantly reducing order cancellations and helping both merchant models operate smoothly within their respective spaces without any conflict.

We believe this change would improve transparency, reduce avoidable disputes and order cancellations, enhance user experience, and support Binance's objective of maintaining a fair, efficient, and compliant P2P marketplace in Bangladesh.

Submitted on behalf of the Bangladesh P2P Merchant Community.",1.0,As verified P2P Merchants from… | BD
Trustpilot,2026-06-09 22:04:09,"They are thefts, I stop using it since 2022",1.0,They are thefts | GH
Trustpilot,2026-06-07 23:18:24,"I was very happy customer with BINANCE since 2019
But now i am very disappointed about the service.
The issue was i try to do kyc verification for buying UAE bank to USDT.
As per CS During Kyc i mistakenly placed YES if US tax residence instead of NO.
But as far as i remember i submit everything correctly.
Now my account can not be verified and permenantly banned, i can not resubmit also.

I have been waiting more than 10days to fix but customers service can not help me they just give the hope.
My fund also got freezed i can not convert my fiat currency to crypto and i can not withdraw as well.
Now i Don't have any hope from there.
case id: 162824954
binance id: 161784935",1.0,I was very happy customer with BINANCE… | AE
Trustpilot,2026-06-07 16:33:28,"Binance Complaints Team agent ""Rick M"" admitted my CNIC is supported but still rejected my KYC twice.

Agent ""Zac"" gave deadline of 21:51, missed it, then refused manager escalation.

$12,000 locked for 6+ months. I clearly stated ""I do NOT have Driver's License or Passport"" - their demand is impossible and discriminatory against Pakistani users.

Case ID: #162873003
User ID: 1251268127

Trustpilot already flagged Binance for guideline breaches. My case proves why.

Avoid Binance. They steal funds and ignore their own agents' admissions. Filing with SEC, FIU-IND, and State Bank of Pakistan next. UPDATE June 7, 2026, 9:30 PM Pakistan Time:
Binance replied to this review 1 hour ago: ""solution given"". THIS IS A LIE. My $12,000 is STILL LOCKED for 6+ months.

SEC Complaint OFFICIALLY FILED - TCR: 17808-376-908-198.

This public reply proves Binance is committing financial fraud. I am filing with FBI IC3 in next 10 minutes. Binance has 24 hours to release my funds or face US federal prosecution for theft and lying to regulators.",1.0,"Binance illegally holding $12,000 for 6 months - Case #162873003 | PK"
Trustpilot,2026-06-07 12:18:58,"I am very disappointed with my experience with Binance. I submitted all the required documents for identity verification and fully cooperated with their KYC process. However, my verification was rejected without any clear explanation of what was wrong with my documents.

After contacting customer support and submitting an appeal, I received a message stating that my KYC verification was permanently rejected and that my appeal was closed. They also informed me that no further support would be provided regarding the matter.

I have never knowingly violated any Binance terms or policies, which makes this decision very frustrating. As a customer, I expected more transparency and a fair opportunity to understand and resolve any issues with my verification.

Unfortunately, due to this experience, I will be looking for alternative cryptocurrency exchanges. I hope Binance improves its communication and support process for users facing KYC verification problems",1.0,Unfair KYC Rejection Without Clear Explanation | BH
Trustpilot,2026-06-05 17:26:54,"Binance may look like a strong platform when everything works. But the real test of safety is what happens when something goes wrong. And that is where Binance fails.

In 2026, I no longer see Binance as the safest option, especially for LATAM users. When there are errors, access problems, P2P issues or account restrictions, the support experience becomes almost fictional. You receive generic replies, contradictory explanations and no clear path to resolution.

The biggest problem is not only the technical issue itself but also that your funds can end up immobilised, without a clear explanation, without a real timeline and without an effective independent complaint route.

A platform that handles people’s money should not leave users trapped in support loops when their capital is at stake.

Binance may still have liquidity, features and brand recognition. But security is not only about trading tools or account protection. Security is also about what happens when the platform fails.And based on my experience, when Binance fails, the user pays the consequences.

The risk is not only trading. The risk is getting trapped.",1.0,"The risk is not trading, it’s getting trapped | AR"
Trustpilot,2026-06-04 07:34:22,"Deceptive '0 fees' on Convert feature - Beware of hidden spreads!

Despite being an active user for years and having referred many people to the platform, I am deeply disappointed by Binance's deceptive practices regarding their ""Convert"" and quick ""Buy/Sell"" features.

Binance prominently advertises these features with ""0 fees."" What they conveniently leave out is that they apply a massive hidden spread instead. You are hit with an extremely unfavorable exchange rate. The worst part of this is the complete lack of transparency: on the preview screen, Binance nowhere displays the actual fiat value (e.g., in Euros or USD) of the transaction. It is impossible for a customer to properly verify the terrible exchange rate upfront. Only after you click confirm (when the transaction is irreversible) do you see in your spot wallet how much money unnecessarily vanished into thin air.

When I confronted customer support about this, they refused to take any responsibility. They simply hid behind a copy-pasted legal script stating: ""You clicked the confirm button."" They completely ignore the fact that this confirmation was forced based on incomplete and hidden information.

My advice to every crypto investor:
NEVER use the 'Convert' or quick buy/sell buttons on Binance. Always go directly to the Spot market and use a Limit Order. This way, you set the exact price yourself, you stay in full control of your own funds, and you avoid being quietly robbed by these hidden margins.

For a platform that claims to value user transparency, this is an absolute disgrace

Answer to Binance reaction:

Dear Binance,

You don't seem to understand the situation at all!

It is true that an ""approximate amount"" in crypto is shown beforehand, but that is exactly where the problem lies:

No transparency in fiat: You cannot check the actual value of this amount in regular currency (such as euros or dollars) prior to confirming.

Clarity only comes afterwards: Only after the transaction is fully completed and irreversible does the real fiat value become visible.
Hidden costs through poor exchange rates:

At that point, you finally discover that Binance has applied an extremely poor exchange rate, which essentially amounts to hidden fees that you could not consciously agree to beforehand.

Providing a link to an article about the Convert function does not solve this fundamental lack of transparency regarding the applied exchange rate.

CID:162688847",2.0,Deceptive '0 fees' on Convert feature | BE
Trustpilot,2026-06-04 01:16:57,I felt bad with the service not really what I think very stressful.,1.0,Streesd | NZ
Trustpilot,2026-06-03 07:44:33,"A few weeks ago, I fell victim to a scammer who tricked me out of €10,000. I spent the entire night searching for leads, traces, and evidence, and everything pointed to a single Binance wallet holding over 500,000 USDT. I compiled all the details in a PDF and sent it to Binance support, but more than a week has passed, and the wallet is still actively receiving funds and making transactions every few minutes. It feels like Binance is aware of the wallet owner’s activities but is deliberately doing nothing.

TDqSquXBgUCLYvYC4XZgrprLK589dkhSCf",1.0,Scam | IT
Trustpilot,2026-06-03 07:31:07,"I was scammed on Binance P2P on May 30, 2026. I paid 15,000,000 MMK but the seller did not release my crypto. My appeal was approved by Binance but after 4 days I still have not received my refund. Support agents asked me to provide a video with moving background which is not standard Binance procedure. Now they are telling me to wait 30 days for account review. Very disappointed with Binance customer service.""",1.0,I was scammed on Binance P2P on May 30 | TH
Trustpilot,2026-06-01 23:40:06,It is a good cryptocurrency exchange. I am using this site about 3 years ago. I am using this sitevin Bangladesh. It't payment gateway system is outstanding.,5.0,It is a good cryptocurrency exchange | BD
Trustpilot,2026-06-01 09:47:40,"‪Scammers disabled my withdrawals for no reason ‬
‪162481232‬
‪Here’s my case id they banned me for p2p third party transaction which was later cancelled didn’t goes through okay still I understand they can block my p2p for third party but what’s the use case of my withdrawal to be disabled my money didn’t even bought from p2p ‬",1.0,‪Scammers disabled my withdrawals for… | PK
Trustpilot,2026-05-29 18:52:55,"I used Binance for many years, I verified my identity and had large volume of transactions. They suddenly closed my account without any explanations! I reached to their customer support and they didn't tell me the reason. My very least right is to know why my account got blocked after many years!!!",2.0,Blocked my account without any reasons | GB
Trustpilot,2026-05-28 16:34:21,"I was happy with Binance services for a long time. However, after not using my account for some time, someone sent funds to my wallet without my knowledge. Binance then started requesting information and documents, but some of the requests expired before I could properly resolve the issue.

For the past 2 years, I’ve been trying to recover my funds and close my account since I no longer wish to use crypto services. Every time I contact support, I’m told the case will be reviewed within a few weeks, but I rarely receive follow-up or resolution.

The experience has been extremely frustrating and disappointing, especially after being a satisfied user for years.",2.0,Being ghosted by the most known exchange | SG
Trustpilot,2026-05-27 22:40:54,"Dear Binance Support Team,

I am submitting this message as a formal complaint and urgent review request regarding the withdrawal restriction placed on my account.

Current Case ID: 162145966

Previous Case IDs:

* 162035169
* 161980431
* 161976488

The restriction on my account began on May 22, 2026. At the beginning, the system displayed RW00218 and indicated a 24-hour review period. However, until now, my withdrawal function remains disabled and I still have not received any meaningful review update, manual review email, or request for supporting documents.

Currently, I only continue to receive repeated responses asking me to wait and monitor my email, while no further information or practical assistance has been provided.

I fully understand Binance’s compliance obligations and I am completely willing to cooperate with all verification requirements, including but not limited to:

* Identity verification
* Source of funds explanation
* Transaction history
* Wallet address information
* TxID records
* Any additional supporting documents

I respectfully request the following:

1. Please record this message as a formal complaint.
2. Please confirm whether my case has officially entered manual review.
3. Please confirm whether any reviewer has already examined my case.
4. Please escalate and mark my case as urgent due to my current overseas emergency living situation.
5. Please contact me immediately by email if any additional documents or verification are required.

I sincerely state that my current situation is extremely serious. The funds in this account are critical for my current overseas living situation and safety. My statements are not intended as threats or emotional exaggeration. I am only genuinely requesting urgent assistance and communication regarding my case.

I respectfully ask Binance to review my situation as soon as possible and provide any available assistance.

Thank you for your time and understanding.",1.0,"Dear Binance Support Team, | KH"
