reviewer_name,rating,title,text,date,thumbs_up,reply,reply_date,app_name,app_id
Opul Nginya,5,,Good app,2026-08-23 14:15:52,0,"Hi there, thank you for your feedback💛. It's rewarding to hear that our efforts have been recognized. If you need any further assistance or have more insights you'd like to share, please do not hesitate to reach out to us: https://www.binance.com/en/chat",2026-08-23 14:30:19,Binance: Buy Bitcoin & Crypto,com.binance.dev
Muhammad Amir,5,,good,2026-08-23 14:07:05,0,"Hey! We are very happy to hear that you like the platform! Thank you for reviewing us, it really inspires us to be even better for you. If you ever need help or have any questions, please do not hesitate to contact our agents through our live support chat at: binance.com/en/chat | Thanks.",2026-08-23 14:15:21,Binance: Buy Bitcoin & Crypto,com.binance.dev
Eyob Eyob tesfay,1,,ai aye don't like,2026-08-23 13:50:33,0,"Hi Eyob. We value your input and would like to understand your concerns better. If you could provide more details or specific issues you encountered at binance.com/en/my/user-support/feedback/entry, we'll do our best to address them and improve our app. Your feedback helps us make necessary improvements to enhance your experience. Thank you! - FL",2026-08-23 14:01:20,Binance: Buy Bitcoin & Crypto,com.binance.dev
Malammusa tv,5,,good,2026-08-23 13:39:12,0,"Hey! We are very happy to hear that you like the platform! Thank you for reviewing us, it really inspires us to be even better for you. If you ever need help or have any questions, please do not hesitate to contact our agents through our live support chat at: binance.com/en/chat | Thanks.",2026-08-23 13:46:02,Binance: Buy Bitcoin & Crypto,com.binance.dev
Kashif Khan,5,,Binance is the most secure and reliable crypto plateform the enter face is very user friendly for both buying and trading highly recommended,2026-08-23 13:35:44,0,"Hey! We are very happy to hear that you like the platform! Thank you for reviewing us, it really inspires us to be even better for you. If you ever need help or have any questions, please do not hesitate to contact our agents through our live support chat at: binance.com/en/chat | Thanks.",2026-08-23 13:46:05,Binance: Buy Bitcoin & Crypto,com.binance.dev
Asim Rathore,5,,good,2026-08-23 13:28:46,0,"Hey! We appreciate your lovely review and kind comment. Our utmost priority is to provide the best service possible to our valuable customers and community members. If you have any problems or if you have any inquiries, please reach out to our customer support team via live chat http://binance.com/en/chat. Our team will help. Thanks.",2026-08-23 13:31:12,Binance: Buy Bitcoin & Crypto,com.binance.dev
Ranahaladar,3,,nice,2026-08-23 13:27:35,0,"Hi Rana! We appreciate your feedback and are glad to see that you find our app nice. If there's anything specific that could elevate your experience to a 5-star level, please share it with us. Your consideration in giving us a 5-star rating would be a wonderful way to show your support and motivate us further. Thank you for considering it! - FL",2026-08-23 13:31:40,Binance: Buy Bitcoin & Crypto,com.binance.dev
karim hashem,5,,we trust,2026-08-23 13:13:58,0,,,Binance: Buy Bitcoin & Crypto,com.binance.dev
Elvis Obeng Ofosu,5,,Very Trustworthy,2026-08-23 13:07:01,0,"Hi! We are pleased that we met your expectations. Thank you for the stars🌟 At the same time, in case you need help with anything, you can connect with our live support team at binance.com/en/chat . We are here for you 24/7.",2026-08-23 13:16:03,Binance: Buy Bitcoin & Crypto,com.binance.dev
Ntambama Ntshangase,5,,Binance is very good.,2026-08-23 13:05:26,0,"Hi! We are pleased that we met your expectations. Thank you for the stars🌟 At the same time, in case you need help with anything, you can connect with our live support team at binance.com/en/chat . We are here for you 24/7.",2026-08-23 13:16:08,Binance: Buy Bitcoin & Crypto,com.binance.dev
Dgfch Ghgx,5,,best market for cripto,2026-08-23 13:04:21,0,"Hi! We are glad you are satisfied with Binance! Whenever you happen to have a Binance-related question, you can contact us at http://binance.com/en/chat 💛",2026-08-23 13:16:11,Binance: Buy Bitcoin & Crypto,com.binance.dev
King Tanoli,5,,I love this app,2026-08-23 12:57:44,0,"Hi! We are glad you are satisfied with Binance! Whenever you happen to have a Binance-related question, you can contact us at http://binance.com/en/chat 💛",2026-08-23 13:00:12,Binance: Buy Bitcoin & Crypto,com.binance.dev
Khairul 07,5,,very nice,2026-08-23 12:52:17,0,"Hi there, thank you for your feedback💛. It's rewarding to hear that our efforts have been recognized. If you need any further assistance or have more insights you'd like to share, please do not hesitate to reach out to us: https://www.binance.com/en/chat",2026-08-23 13:00:20,Binance: Buy Bitcoin & Crypto,com.binance.dev
Mahesh Pratap,5,,very nice,2026-08-23 12:39:26,0,"Hi there, thank you for your feedback💛. It's rewarding to hear that our efforts have been recognized. If you need any further assistance or have more insights you'd like to share, please do not hesitate to reach out to us: https://www.binance.com/en/chat",2026-08-23 12:45:12,Binance: Buy Bitcoin & Crypto,com.binance.dev
MD RAJU SARDER,5,,sot,2026-08-23 12:37:51,0,,,Binance: Buy Bitcoin & Crypto,com.binance.dev
Tubaa Olbaa,5,,I love u binance,2026-08-23 12:29:02,0,"Hi there, thank you for your feedback💛. It's rewarding to hear that our efforts have been recognized. If you need any further assistance or have more insights you'd like to share, please do not hesitate to reach out to us: https://www.binance.com/en/chat",2026-08-23 12:30:21,Binance: Buy Bitcoin & Crypto,com.binance.dev
Muhammad Shafi salik,5,,start par bilkul free hona chahiye tha baqi sb ok hai,2026-08-23 12:23:08,0,"Hi Shafi! We’re glad to hear the rest of your experience has been positive. Eligible new users can also check the Welcome Rewards available through beginner tasks, including applicable trading fee rebate vouchers:
https://www.binance.com/en/support/faq/detail/cfb6e84202c54687b1b639228b56f59e
For further assistance: https://binance.com/en/chat - FL",2026-08-23 12:50:58,Binance: Buy Bitcoin & Crypto,com.binance.dev
euclides morais,5,,Excelente!,2026-08-23 12:18:20,0,"Hey! We appreciate your lovely review and kind comment. Our utmost priority is to provide the best service possible to our valuable customers and community members. If you have any problems or if you have any inquiries, please reach out to our customer support team via live chat http://binance.com/en/chat. Our team will help. Thanks.",2026-08-23 12:30:27,Binance: Buy Bitcoin & Crypto,com.binance.dev
chi susie,1,,"Not stable, always hanging",2026-08-23 12:18:09,0,"Hi Susie! Please make sure you have the latest version of the Binance app installed. You may also try these quick steps: go to [ App Profile] > [Settings ⚙️] > [Clear Cache], then fully close and reopen the app to check again.
If the issue persists, please contact our 24/7 support team here so we can assist further:
https://binance.com/en/chat - FL",2026-08-23 12:55:10,Binance: Buy Bitcoin & Crypto,com.binance.dev
Charlie Chang,5,,great platform,2026-08-23 12:05:00,0,"Hi there, thank you for your feedback💛. It's rewarding to hear that our efforts have been recognized. If you need any further assistance or have more insights you'd like to share, please do not hesitate to reach out to us: https://www.binance.com/en/chat",2026-08-23 12:15:26,Binance: Buy Bitcoin & Crypto,com.binance.dev
Simone Lukas,4,,good for me,2026-08-23 12:03:56,0,"Hi there, thank you for your feedback💛. It's rewarding to hear that our efforts have been recognized. If you need any further assistance or have more insights you'd like to share, please do not hesitate to reach out to us: https://www.binance.com/en/chat",2026-08-23 12:15:30,Binance: Buy Bitcoin & Crypto,com.binance.dev
Rana Mandal,5,,good,2026-08-23 11:53:00,0,"Hi! We are glad you are satisfied with Binance! Whenever you happen to have a Binance-related question, you can contact us at http://binance.com/en/chat 💛",2026-08-23 12:00:39,Binance: Buy Bitcoin & Crypto,com.binance.dev
Riaz Chandia,5,,good,2026-08-23 11:28:27,0,,,Binance: Buy Bitcoin & Crypto,com.binance.dev
Soumen Mondal,5,,nice,2026-08-23 11:27:55,0,"Hi! We are glad you are satisfied with Binance! Whenever you happen to have a Binance-related question, you can contact us at http://binance.com/en/chat 💛",2026-08-23 11:30:16,Binance: Buy Bitcoin & Crypto,com.binance.dev
Lucy sekai Moyo,5,,good app to use,2026-08-23 11:20:48,0,"Hi there, thank you so much for your positive feedback💛. We constantly strive to provide the best service to our users, and your feedback encourages us to continue doing so. Should you have any other questions or need further assistance in the future, please do not hesitate to reach out to us: https://www.binance.com/en/chat",2026-08-23 11:30:19,Binance: Buy Bitcoin & Crypto,com.binance.dev
Loveleen Handa,5,,super,2026-08-23 11:13:40,0,"Hi there, thank you for your feedback💛. It's rewarding to hear that our efforts have been recognized. If you need any further assistance or have more insights you'd like to share, please do not hesitate to reach out to us: https://www.binance.com/en/chat",2026-08-23 11:15:23,Binance: Buy Bitcoin & Crypto,com.binance.dev
arvind chaudhary,4,,good,2026-08-23 11:12:35,0,"Hi! We are pleased that we met your expectations. Thank you for the stars🌟 At the same time, in case you need help with anything, you can connect with our live support team at binance.com/en/chat . We are here for you 24/7.",2026-08-23 11:15:27,Binance: Buy Bitcoin & Crypto,com.binance.dev
Shahzad Shah,5,,good seller 💯,2026-08-23 11:02:22,0,"Hi! We're thrilled to learn about your positive experience with Binance! Your feedback motivates us to continually improve. For any questions or issues, you can get our live support here: https://www.binance.com/en/chat. Thanks! 🎉",2026-08-23 11:15:31,Binance: Buy Bitcoin & Crypto,com.binance.dev
MT VLOG'S,3,,nice apps,2026-08-23 10:59:38,0,"Hi there. Thank you for the positive feedback! Kindly share what we could do or enhance to earn that 5-star rating from you. If you have any other feedback or questions, please don't hesitate to reach out to us directly at https://www.binance.com/en/chat. VL",2026-08-23 11:06:09,Binance: Buy Bitcoin & Crypto,com.binance.dev
Hluf Brhanu,5,,"Best crypto app ever! ⭐️⭐️⭐️⭐️⭐️""",2026-08-23 10:52:47,0,"Hi! We are glad you are satisfied with Binance! Whenever you happen to have a Binance-related question, you can contact us at http://binance.com/en/chat 💛",2026-08-23 11:00:33,Binance: Buy Bitcoin & Crypto,com.binance.dev
jaxsonlex Chris,2,,best trading,2026-08-23 10:51:07,0,"Hello Chris, Thank you for your comment. We are always working to serve you better. If you like our app, would you reconsider your rating? If you need to contact us at any time, we are available 24/7 here -:> http://binance.com/en/chat. Thanks! ^BT",2026-08-23 11:33:02,Binance: Buy Bitcoin & Crypto,com.binance.dev
Md Yeasin Ibn Kabir,5,,nice,2026-08-23 10:49:05,0,,,Binance: Buy Bitcoin & Crypto,com.binance.dev
Azizur Rahman,5,,good,2026-08-23 10:48:15,0,"Hi there, thank you for your feedback💛. It's rewarding to hear that our efforts have been recognized. If you need any further assistance or have more insights you'd like to share, please do not hesitate to reach out to us: https://www.binance.com/en/chat",2026-08-23 11:00:39,Binance: Buy Bitcoin & Crypto,com.binance.dev
markanda mehera,3,,3 Best,2026-08-23 10:42:36,0,"Hi Markanda. Thank you for your feedback and rating! We continuously aim to improve. Kindly share what we could do or enhance to earn that 5-star rating from you. Your insights are invaluable to us. If you have any further questions or suggestions, please don't hesitate to reach out to us directly at https://www.binance.com/en/chat. VL",2026-08-23 10:47:56,Binance: Buy Bitcoin & Crypto,com.binance.dev
Anotidaishe Magengezha,5,,It's a good wallet to use,2026-08-23 10:42:25,0,"Thank you for your review. Enjoy using & keep supporting us :) If you have any feedback or suggestion, you could write to us at http://binance.com/en/chat. We would love to hear from you!",2026-08-23 10:45:17,Binance: Buy Bitcoin & Crypto,com.binance.dev
Hardik Dhakal,5,,nice,2026-08-23 10:40:42,0,"Hi! We are glad you are satisfied with Binance! Whenever you happen to have a Binance-related question, you can contact us at http://binance.com/en/chat 💛",2026-08-23 10:45:44,Binance: Buy Bitcoin & Crypto,com.binance.dev
ilmi Dunya,5,,super,2026-08-23 10:40:32,0,,,Binance: Buy Bitcoin & Crypto,com.binance.dev
Md Rokan,3,,good,2026-08-23 10:18:31,0,"Hi Rokan. Thank you for your feedback and rating! If there's anything we can do to further improve and earn a 5-star rating from you, please let us know. Your feedback is valuable to us. If you have any questions or need assistance, please reach out to us at http://binance.com/en/chat. Thank you! 💫 VL",2026-08-23 10:32:49,Binance: Buy Bitcoin & Crypto,com.binance.dev
Bello Ibrahim,3,,"I,m enjoying binance",2026-08-23 10:18:21,0,"Hello Ibrahim, We are always working to serve you better. If you enjoy using the Binance app and think it's nice; it would be very encouraging for us if you reconsider your rating. On the other hand, if you need any assistance with our services, our specialists are 7/24 on duty here: https://www.binance.com/en/chat. ^BT",2026-08-23 10:35:20,Binance: Buy Bitcoin & Crypto,com.binance.dev
Jai Gowshik,5,,this app is ammesing,2026-08-23 10:17:17,0,"Hi there, thank you so much for your positive feedback💛. We constantly strive to provide the best service to our users, and your feedback encourages us to continue doing so. Should you have any other questions or need further assistance in the future, please do not hesitate to reach out to us: https://www.binance.com/en/chat",2026-08-23 10:30:35,Binance: Buy Bitcoin & Crypto,com.binance.dev
wali khan,5,,it's amazing app and I am very happy to using this app,2026-08-23 10:06:21,0,"Hey! We are very happy to hear that you like the platform! Thank you for reviewing us, it really inspires us to be even better for you. If you ever need help or have any questions, please do not hesitate to contact our agents through our live support chat at: binance.com/en/chat | Thanks.",2026-08-23 10:16:01,Binance: Buy Bitcoin & Crypto,com.binance.dev
Viraj Madushan,5,,good,2026-08-23 09:48:36,0,"Hey! We are very happy to hear that you like the platform! Thank you for reviewing us, it really inspires us to be even better for you. If you ever need help or have any questions, please do not hesitate to contact our agents through our live support chat at: binance.com/en/chat | Thanks.",2026-08-23 10:01:12,Binance: Buy Bitcoin & Crypto,com.binance.dev
Mac Anthony,5,,it's the best and reliable,2026-08-23 09:46:35,0,"Thank you for your review. Enjoy using & keep supporting us :) If you have any feedback or suggestion, you could write to us at http://binance.com/en/chat. We would love to hear from you!",2026-08-23 10:01:18,Binance: Buy Bitcoin & Crypto,com.binance.dev
Somesh Jha,5,,awesome,2026-08-23 09:45:13,0,"Hi there, thank you so much for your positive feedback💛. We constantly strive to provide the best service to our users, and your feedback encourages us to continue doing so. Should you have any other questions or need further assistance in the future, please do not hesitate to reach out to us: https://www.binance.com/en/chat",2026-08-23 10:01:22,Binance: Buy Bitcoin & Crypto,com.binance.dev
Dipak Rathod,5,,very nice trending platforms,2026-08-23 09:43:38,0,"Hi there, thank you for your feedback💛. It's rewarding to hear that our efforts have been recognized. If you need any further assistance or have more insights you'd like to share, please do not hesitate to reach out to us: https://www.binance.com/en/chat",2026-08-23 09:46:22,Binance: Buy Bitcoin & Crypto,com.binance.dev
Babar Ali,5,,working app,2026-08-23 09:14:48,0,,,Binance: Buy Bitcoin & Crypto,com.binance.dev
Achinabiayshu Fmly,5,,I love thik app,2026-08-23 09:14:32,0,"Hey! We are very happy to hear that you like the platform! Thank you for reviewing us, it really inspires us to be even better for you. If you ever need help or have any questions, please do not hesitate to contact our agents through our live support chat at: binance.com/en/chat | Thanks.",2026-08-23 09:15:20,Binance: Buy Bitcoin & Crypto,com.binance.dev
Rejaul Mia,3,,oky bute.???,2026-08-23 08:59:21,0,"Hi Mia. Thank you for the positive feedback! Kindly share what we could do or enhance to earn that 5-star rating from you. If you have any other feedback or questions, please don't hesitate to reach out to us directly at https://www.binance.com/en/chat. VL",2026-08-23 09:02:44,Binance: Buy Bitcoin & Crypto,com.binance.dev
RS Rahman,5,,good 👍,2026-08-23 08:58:55,0,"Hi! We are pleased that we met your expectations. Thank you for the stars🌟 At the same time, in case you need help with anything, you can connect with our live support team at binance.com/en/chat . We are here for you 24/7.",2026-08-23 09:00:20,Binance: Buy Bitcoin & Crypto,com.binance.dev
Subrat kumar Pradhan,5,,best app for me,2026-08-23 08:56:21,1,"Thank you for your review. Enjoy using & keep supporting us :) If you have any feedback or suggestion, you could write to us at http://binance.com/en/chat. We would love to hear from you!",2026-08-23 09:00:30,Binance: Buy Bitcoin & Crypto,com.binance.dev
Ibrahim Umar,5,,🤝,2026-08-23 08:55:36,0,,,Binance: Buy Bitcoin & Crypto,com.binance.dev
Sameer Khan,5,,nice,2026-08-23 08:41:34,0,"Thank you for your review. Enjoy using & keep supporting us :) If you have any feedback or suggestion, you could write to us at http://binance.com/en/chat. We would love to hear from you!",2026-08-23 08:45:35,Binance: Buy Bitcoin & Crypto,com.binance.dev
Justus Wanjala,5,,excellent customer service,2026-08-23 08:35:51,0,"Hi there, thank you for your feedback💛. It's rewarding to hear that our efforts have been recognized. If you need any further assistance or have more insights you'd like to share, please do not hesitate to reach out to us: https://www.binance.com/en/chat",2026-08-23 08:45:39,Binance: Buy Bitcoin & Crypto,com.binance.dev
Amit biranya HR 16 Aala,5,,better,2026-08-23 08:33:17,0,,,Binance: Buy Bitcoin & Crypto,com.binance.dev
Md Oli mia,4,,nice,2026-08-23 08:31:48,0,"Thank you for your review. Enjoy using & keep supporting us :) If you have any feedback or suggestion, you could write to us at http://binance.com/en/chat. We would love to hear from you!",2026-08-23 08:45:44,Binance: Buy Bitcoin & Crypto,com.binance.dev
Rehman Aslam,3,,very good,2026-08-23 08:20:29,0,"Hi Rehman. Thank you for your feedback and rating! We continuously aim to improve. Kindly share what we could do or enhance to earn that 5-star rating from you. Your insights are invaluable to us. If you have any further questions or suggestions, please don't hesitate to reach out to us directly at https://www.binance.com/en/chat. VL",2026-08-23 08:33:25,Binance: Buy Bitcoin & Crypto,com.binance.dev
faizan rehman,5,,thanks to all binance team,2026-08-23 08:14:28,0,"Hi! We're thrilled to learn about your positive experience with Binance! Your feedback motivates us to continually improve. For any questions or issues, you can get our live support here: https://www.binance.com/en/chat. Thanks! 🎉",2026-08-23 08:16:20,Binance: Buy Bitcoin & Crypto,com.binance.dev
M Shayan,5,,very good 👍,2026-08-23 08:03:10,0,"Hey! We appreciate your lovely review and kind comment. Our utmost priority is to provide the best service possible to our valuable customers and community members. If you have any problems or if you have any inquiries, please reach out to our customer support team via live chat http://binance.com/en/chat. Our team will help. Thanks.",2026-08-23 08:16:33,Binance: Buy Bitcoin & Crypto,com.binance.dev
MD Rubel,5,,good,2026-08-23 07:39:32,0,"Hey! We are very happy to hear that you like the platform! Thank you for reviewing us, it really inspires us to be even better for you. If you ever need help or have any questions, please do not hesitate to contact our agents through our live support chat at: binance.com/en/chat | Thanks.",2026-08-23 07:46:52,Binance: Buy Bitcoin & Crypto,com.binance.dev
sagar chauhan,5,,very good,2026-08-23 07:38:09,0,"Hi! We are glad you are satisfied with Binance! Whenever you happen to have a Binance-related question, you can contact us at http://binance.com/en/chat 💛",2026-08-23 07:46:56,Binance: Buy Bitcoin & Crypto,com.binance.dev
Fasih Ahmad,5,,😉😗,2026-08-23 07:37:12,0,,,Binance: Buy Bitcoin & Crypto,com.binance.dev
Mdkawsarul Islam,5,,this very good,2026-08-23 07:34:56,0,"Hi! We are pleased that we met your expectations. Thank you for the stars🌟 At the same time, in case you need help with anything, you can connect with our live support team at binance.com/en/chat . We are here for you 24/7.",2026-08-23 07:47:05,Binance: Buy Bitcoin & Crypto,com.binance.dev
Tarek Hossen,5,,Good,2026-08-23 07:29:49,1,"Thank you for your review. Enjoy using & keep supporting us :) If you have any feedback or suggestion, you could write to us at http://binance.com/en/chat. We would love to hear from you!",2026-08-23 07:30:21,Binance: Buy Bitcoin & Crypto,com.binance.dev
Keshav Sharma,5,,🖤,2026-08-23 07:14:06,0,,,Binance: Buy Bitcoin & Crypto,com.binance.dev
Theodore Njoh unduwah,5,,great app,2026-08-23 07:03:36,0,"Hey! We appreciate your lovely review and kind comment. Our utmost priority is to provide the best service possible to our valuable customers and community members. If you have any problems or if you have any inquiries, please reach out to our customer support team via live chat http://binance.com/en/chat. Our team will help. Thanks.",2026-08-23 07:15:21,Binance: Buy Bitcoin & Crypto,com.binance.dev
Sandeep Guria (Sandy),5,,Great application,2026-08-23 07:02:38,0,"Hi! We are pleased that we met your expectations. Thank you for the stars🌟 At the same time, in case you need help with anything, you can connect with our live support team at binance.com/en/chat . We are here for you 24/7.",2026-08-23 07:15:26,Binance: Buy Bitcoin & Crypto,com.binance.dev
Faisal Nadeem,4,,good,2026-08-23 06:54:22,0,"Hey! We appreciate your lovely review and kind comment. Our utmost priority is to provide the best service possible to our valuable customers and community members. If you have any problems or if you have any inquiries, please reach out to our customer support team via live chat http://binance.com/en/chat. Our team will help. Thanks.",2026-08-23 07:00:39,Binance: Buy Bitcoin & Crypto,com.binance.dev
Khin Yadanar Oo,5,,Like!,2026-08-23 06:48:01,0,"Hi there, thank you for your feedback💛. It's rewarding to hear that our efforts have been recognized. If you need any further assistance or have more insights you'd like to share, please do not hesitate to reach out to us: https://www.binance.com/en/chat",2026-08-23 07:00:43,Binance: Buy Bitcoin & Crypto,com.binance.dev
Tushar Ahmed,1,,I am satisfied 😊 But My one problem don't change account Gmail,2026-08-23 06:42:58,0,"Hello Tushar, we value your feedback and satisfaction. If there is anything that we can do to improve the app and make it worthy of a 5⭐ rating, let us know 👉https://www.binance.com/en/my/user-support/feedback/entry. If you need any support, we are always at binance.com/en/chat for you - CN",2026-04-19 12:45:27,Binance: Buy Bitcoin & Crypto,com.binance.dev
Ssubir705 Subir,2,,have fun,2026-08-23 06:41:11,0,"Hi Subir. Thank you for your feedback and rating! If there's anything we can do to further improve and earn a 5-star rating from you, please let us know. Your feedback is valuable to us. If you have any questions or need assistance, please reach out to us at http://binance.com/en/chat. Thank you! 💫 VL",2026-08-23 07:20:48,Binance: Buy Bitcoin & Crypto,com.binance.dev
Ajay Gautam,4,,more comfortable than other exchanges,2026-08-23 06:39:25,0,"Hi! We are pleased that we met your expectations. Thank you for the stars🌟 At the same time, in case you need help with anything, you can connect with our live support team at binance.com/en/chat . We are here for you 24/7.",2026-08-23 06:45:43,Binance: Buy Bitcoin & Crypto,com.binance.dev
Habibpubg Game,5,,nice exchenger..,2026-08-23 06:36:53,0,"Hi there, thank you so much for your positive feedback💛. We constantly strive to provide the best service to our users, and your feedback encourages us to continue doing so. Should you have any other questions or need further assistance in the future, please do not hesitate to reach out to us: https://www.binance.com/en/chat",2026-08-23 06:45:47,Binance: Buy Bitcoin & Crypto,com.binance.dev
Taashi Doll,5,,😊,2026-08-23 06:34:27,0,,,Binance: Buy Bitcoin & Crypto,com.binance.dev
Sharma boy Nikhil vermia,5,,good,2026-08-23 06:31:56,0,"Hi there, thank you for your feedback💛. It's rewarding to hear that our efforts have been recognized. If you need any further assistance or have more insights you'd like to share, please do not hesitate to reach out to us: https://www.binance.com/en/chat",2026-08-23 06:45:52,Binance: Buy Bitcoin & Crypto,com.binance.dev
Ram Ji,5,,good,2026-08-23 06:12:50,0,"Hey! We appreciate your lovely review and kind comment. Our utmost priority is to provide the best service possible to our valuable customers and community members. If you have any problems or if you have any inquiries, please reach out to our customer support team via live chat http://binance.com/en/chat. Our team will help. Thanks.",2026-08-23 06:16:22,Binance: Buy Bitcoin & Crypto,com.binance.dev
Nawed Khan,5,,good,2026-08-23 06:11:56,0,"Hey! We are very happy to hear that you like the platform! Thank you for reviewing us, it really inspires us to be even better for you. If you ever need help or have any questions, please do not hesitate to contact our agents through our live support chat at: binance.com/en/chat | Thanks.",2026-08-23 06:16:26,Binance: Buy Bitcoin & Crypto,com.binance.dev
Soft Feeling well,5,,excellent.,2026-08-23 06:07:28,0,"Hi there, thank you for your feedback💛. It's rewarding to hear that our efforts have been recognized. If you need any further assistance or have more insights you'd like to share, please do not hesitate to reach out to us: https://www.binance.com/en/chat",2026-08-23 06:16:34,Binance: Buy Bitcoin & Crypto,com.binance.dev
zulfica kyaw,5,,Very Good!,2026-08-23 06:07:21,0,"Hi! We're thrilled to learn about your positive experience with Binance! Your feedback motivates us to continually improve. For any questions or issues, you can get our live support here: https://www.binance.com/en/chat. Thanks! 🎉",2026-08-23 06:16:38,Binance: Buy Bitcoin & Crypto,com.binance.dev
Himanshu Rajput,5,,good👍,2026-08-23 06:01:18,0,"Hi! We're thrilled to learn about your positive experience with Binance! Your feedback motivates us to continually improve. For any questions or issues, you can get our live support here: https://www.binance.com/en/chat. Thanks! 🎉",2026-08-23 06:16:42,Binance: Buy Bitcoin & Crypto,com.binance.dev
Atul Jatav,5,,super,2026-08-23 05:58:30,0,"Hi! We are glad you are satisfied with Binance! Whenever you happen to have a Binance-related question, you can contact us at http://binance.com/en/chat 💛",2026-08-23 06:01:36,Binance: Buy Bitcoin & Crypto,com.binance.dev
Rao burhan,4,,I am new. but I have no awards.,2026-08-23 05:37:24,0,"Hi Rao. If you're referring to Welcome Rewards, please note that, the new user tasks may vary depending on the region or user. For more details, you can refer to www.binance.com/en/support/faq/detail/cfb6e84202c54687b1b639228b56f59e. If you have any questions, please reach out to us at https://binance.com/en/chat. VL",2026-08-23 07:23:17,Binance: Buy Bitcoin & Crypto,com.binance.dev
Biruk Welde,5,,This is the best app and cripto treding platform guys realy,2026-08-23 04:48:54,1,"Hi! We're thrilled to learn about your positive experience with Binance! Your feedback motivates us to continually improve. For any questions or issues, you can get our live support here: https://www.binance.com/en/chat. Thanks! 🎉",2026-08-23 04:46:20,Binance: Buy Bitcoin & Crypto,com.binance.dev
Mastan vali Shiak,5,,this is the best app,2026-08-23 04:34:58,0,"Hi! We are pleased that we met your expectations. Thank you for the stars🌟 At the same time, in case you need help with anything, you can connect with our live support team at binance.com/en/chat . We are here for you 24/7.",2026-08-23 04:46:12,Binance: Buy Bitcoin & Crypto,com.binance.dev
abcd efghi,5,,"⭐⭐⭐⭐⭐ Binance is one of the best crypto trading apps I have used. The app is fast, easy to use, and offers a wide range of cryptocurrencies and useful trading tools. I also like the simple interface, market tracking, and wallet features. Overall, Binance provides a professional and convenient experience for both beginners and experienced crypto users. Highly recommended! 🚀₿ amir mayo💯🏅👍",2026-08-23 04:30:54,0,"Hey! We are very happy to hear that you like the platform! Thank you for reviewing us, it really inspires us to be even better for you. If you ever need help or have any questions, please do not hesitate to contact our agents through our live support chat at: binance.com/en/chat | Thanks.",2026-08-23 04:46:23,Binance: Buy Bitcoin & Crypto,com.binance.dev
Rais Fizan,5,,good App,2026-08-23 04:20:15,0,"Hey! We are very happy to hear that you like the platform! Thank you for reviewing us, it really inspires us to be even better for you. If you ever need help or have any questions, please do not hesitate to contact our agents through our live support chat at: binance.com/en/chat | Thanks.",2026-08-23 04:31:17,Binance: Buy Bitcoin & Crypto,com.binance.dev
Ho Nor,5,,good 👍👍👍,2026-08-23 04:03:45,0,"Hey! We are very happy to hear that you like the platform! Thank you for reviewing us, it really inspires us to be even better for you. If you ever need help or have any questions, please do not hesitate to contact our agents through our live support chat at: binance.com/en/chat | Thanks.",2026-08-23 04:15:20,Binance: Buy Bitcoin & Crypto,com.binance.dev
Kingsley Ndaeyo,5,,love you Binance 👍🏾,2026-08-23 03:33:28,0,"Hi! We're thrilled to learn about your positive experience with Binance! Your feedback motivates us to continually improve. For any questions or issues, you can get our live support here: https://www.binance.com/en/chat. Thanks! 🎉",2026-08-23 03:45:22,Binance: Buy Bitcoin & Crypto,com.binance.dev
Jarai Jalloh,5,,good,2026-08-23 03:30:32,0,"Hey! We are very happy to hear that you like the platform! Thank you for reviewing us, it really inspires us to be even better for you. If you ever need help or have any questions, please do not hesitate to contact our agents through our live support chat at: binance.com/en/chat | Thanks.",2026-08-23 03:45:16,Binance: Buy Bitcoin & Crypto,com.binance.dev
Md Sohan Miah,5,,it's good,2026-08-23 02:03:31,0,"Hi! We are pleased that we met your expectations. Thank you for the stars🌟 At the same time, in case you need help with anything, you can connect with our live support team at binance.com/en/chat . We are here for you 24/7.",2026-08-23 02:15:18,Binance: Buy Bitcoin & Crypto,com.binance.dev
Mustefa Hamidino,5,,nice,2026-08-23 01:22:28,0,"Hi there, thank you for your feedback💛. It's rewarding to hear that our efforts have been recognized. If you need any further assistance or have more insights you'd like to share, please do not hesitate to reach out to us: https://www.binance.com/en/chat",2026-08-23 01:31:15,Binance: Buy Bitcoin & Crypto,com.binance.dev
MD Deba Raj,1,,nc aps,2026-08-23 01:21:06,0,"Hello MD Deba! We're eager to learn more and enhance your Binance experience. Could you please elaborate on the challenges you've come across? Feel free to directly reach our support team through this link: http://binance.com/en/chat In order to our team to assist you better, and do not forget to re-evaluate after contacting us. MM",2026-08-23 01:50:18,Binance: Buy Bitcoin & Crypto,com.binance.dev
SHABIR AL-MALISHI,5,,good app,2026-08-23 00:34:18,0,"Thank you for your review. Enjoy using & keep supporting us :) If you have any feedback or suggestion, you could write to us at http://binance.com/en/chat. We would love to hear from you!",2026-08-23 00:45:18,Binance: Buy Bitcoin & Crypto,com.binance.dev
Long Sleep,5,,good 👍,2026-08-23 00:13:39,0,"Hi! We are glad you are satisfied with Binance! Whenever you happen to have a Binance-related question, you can contact us at http://binance.com/en/chat 💛",2026-08-23 00:15:36,Binance: Buy Bitcoin & Crypto,com.binance.dev
smart waqar,5,,very helpful,2026-08-23 00:05:08,0,"Hey! We appreciate your lovely review and kind comment. Our utmost priority is to provide the best service possible to our valuable customers and community members. If you have any problems or if you have any inquiries, please reach out to our customer support team via live chat http://binance.com/en/chat. Our team will help. Thanks.",2026-08-23 00:15:46,Binance: Buy Bitcoin & Crypto,com.binance.dev
Cliff Mugogo,5,,it's a cool platform,2026-08-23 00:00:09,0,"Hey! We appreciate your lovely review and kind comment. Our utmost priority is to provide the best service possible to our valuable customers and community members. If you have any problems or if you have any inquiries, please reach out to our customer support team via live chat http://binance.com/en/chat. Our team will help. Thanks.",2026-08-23 00:15:51,Binance: Buy Bitcoin & Crypto,com.binance.dev
DIKE CHINONSO,5,,nice app experience but why does it take time to load charts please fix this,2026-08-22 23:56:14,0,"Hi there, thank you for your feedback💛. It's rewarding to hear that our efforts have been recognized. If you need any further assistance or have more insights you'd like to share, please do not hesitate to reach out to us: https://www.binance.com/en/chat",2025-11-19 15:51:17,Binance: Buy Bitcoin & Crypto,com.binance.dev
Akiidz Pro256Ug,5,,highly sufficient,2026-08-22 23:46:33,0,"Hey! We are very happy to hear that you like the platform! Thank you for reviewing us, it really inspires us to be even better for you. If you ever need help or have any questions, please do not hesitate to contact our agents through our live support chat at: binance.com/en/chat | Thanks.",2026-08-23 00:00:40,Binance: Buy Bitcoin & Crypto,com.binance.dev
Kirubel Yared,2,,good,2026-08-22 23:38:02,0,"Hello Kirubel! If you're enjoying using our app, would you mind considering a few more stars for us, pretty please? 😊 We'd really appreciate it. If you ever need help or have questions, don't hesitate to reach our support team through this link: https://binance.com/en/chat/ Thank you so much! 🌹 MM",2026-08-23 00:01:22,Binance: Buy Bitcoin & Crypto,com.binance.dev
Juan Villalobos,5,,good,2026-08-22 23:35:41,0,"Hey! We are very happy to hear that you like the platform! Thank you for reviewing us, it really inspires us to be even better for you. If you ever need help or have any questions, please do not hesitate to contact our agents through our live support chat at: binance.com/en/chat | Thanks.",2026-08-23 00:00:47,Binance: Buy Bitcoin & Crypto,com.binance.dev
Nano Khan,5,,good,2026-08-22 23:35:29,0,"Hi there, thank you so much for your positive feedback💛. We constantly strive to provide the best service to our users, and your feedback encourages us to continue doing so. Should you have any other questions or need further assistance in the future, please do not hesitate to reach out to us: https://www.binance.com/en/chat",2026-08-23 00:00:51,Binance: Buy Bitcoin & Crypto,com.binance.dev
Albert Yaw,5,,I have registered since 2019 that I did not receive any beneficiary from international cross border payment.,2026-08-22 22:41:14,0,"Hello Albert, Please note that being registered does not automatically qualify an account for benefits related to international cross-border payments. Eligibility usually depends on the specific campaign.

If you would like us to review your case in more detail, please contact our support team via chat:
http://binance.com/en/chat

Thank you. MM",2026-08-22 23:00:34,Binance: Buy Bitcoin & Crypto,com.binance.dev
richardson christian,5,,good,2026-08-22 22:34:39,0,"Hi there, thank you so much for your positive feedback💛. We constantly strive to provide the best service to our users, and your feedback encourages us to continue doing so. Should you have any other questions or need further assistance in the future, please do not hesitate to reach out to us: https://www.binance.com/en/chat",2026-08-22 22:45:29,Binance: Buy Bitcoin & Crypto,com.binance.dev
Neera Abbas,5,,Great 👍,2026-08-22 22:32:02,0,"Hi there, thank you so much for your positive feedback💛. We constantly strive to provide the best service to our users, and your feedback encourages us to continue doing so. Should you have any other questions or need further assistance in the future, please do not hesitate to reach out to us: https://www.binance.com/en/chat",2026-08-22 22:45:35,Binance: Buy Bitcoin & Crypto,com.binance.dev
Kamran Khan,5,,nice,2026-08-22 22:26:19,0,"Hi there, thank you so much for your positive feedback💛. We constantly strive to provide the best service to our users, and your feedback encourages us to continue doing so. Should you have any other questions or need further assistance in the future, please do not hesitate to reach out to us: https://www.binance.com/en/chat",2026-08-22 22:30:35,Binance: Buy Bitcoin & Crypto,com.binance.dev
AREZKI Hanane,1,,"je ne recommande pas cette application, j'ai ouvert un compte sur mon ancien portable et maintenant ceci est cassé et je ne peux plus ouvrir l'application parceque a chaque fois il demande de vérifier depuis ce portable alors que j'ai besoin de récupérer mon argent. c'est vraiment une catastrophe je ne recommande pas",2026-08-22 22:13:49,0,,,Binance: Buy Bitcoin & Crypto,com.binance.dev
IBRAHIM SIKIRU,5,,this app has been doing well since I had been using it.,2026-08-22 21:51:50,0,"Hi! We're thrilled to learn about your positive experience with Binance! Your feedback motivates us to continually improve. For any questions or issues, you can get our live support here: https://www.binance.com/en/chat. Thanks! 🎉",2026-08-22 22:00:57,Binance: Buy Bitcoin & Crypto,com.binance.dev
Borhan Uddin,5,,ok,2026-08-22 21:36:00,0,,,Binance: Buy Bitcoin & Crypto,com.binance.dev
Jaffer Shadik (Jaffer shadik),5,,good trad,2026-08-22 21:33:55,0,"Hey! We appreciate your lovely review and kind comment. Our utmost priority is to provide the best service possible to our valuable customers and community members. If you have any problems or if you have any inquiries, please reach out to our customer support team via live chat http://binance.com/en/chat. Our team will help. Thanks.",2026-08-22 21:45:20,Binance: Buy Bitcoin & Crypto,com.binance.dev
Fairways,5,,Great reliable site to buy and sell Crypto,2026-08-22 21:30:11,0,"Hi! We are pleased that we met your expectations. Thank you for the stars🌟 At the same time, in case you need help with anything, you can connect with our live support team at binance.com/en/chat . We are here for you 24/7.",2026-08-22 21:45:42,Binance: Buy Bitcoin & Crypto,com.binance.dev
Alice Phionah,2,,buyer delayed,2026-08-22 21:28:41,0,"Hi Alice, If your P2P order is delayed, we recommend raising an appeal so the case can be reviewed. For guidance, visit: https://www.binance.com/en/support/faq/detail/9bd969ce7fcd4592acfdddd2bf9ef15f
For support, contact our team via chat at http://binance.com/en/chat to assist you better, and do not forget to re-evaluate after contacting us. MM",2026-08-22 21:57:06,Binance: Buy Bitcoin & Crypto,com.binance.dev
Yousuf Miah,5,,vary good Application for world trade Business.,2026-08-22 21:28:01,0,"Hi there, thank you for your feedback💛. It's rewarding to hear that our efforts have been recognized. If you need any further assistance or have more insights you'd like to share, please do not hesitate to reach out to us: https://www.binance.com/en/chat",2026-08-22 21:30:15,Binance: Buy Bitcoin & Crypto,com.binance.dev
Nagendra Goud,5,,Good opportunity for earn money,2026-08-22 21:19:10,0,"Hey! We appreciate your lovely review and kind comment. Our utmost priority is to provide the best service possible to our valuable customers and community members. If you have any problems or if you have any inquiries, please reach out to our customer support team via live chat http://binance.com/en/chat. Our team will help. Thanks.",2026-08-22 21:30:25,Binance: Buy Bitcoin & Crypto,com.binance.dev
Muhammad Qasim,5,,I like it binance app,2026-08-22 21:18:35,0,"Hey! We appreciate your lovely review and kind comment. Our utmost priority is to provide the best service possible to our valuable customers and community members. If you have any problems or if you have any inquiries, please reach out to our customer support team via live chat http://binance.com/en/chat. Our team will help. Thanks.",2026-08-22 21:30:29,Binance: Buy Bitcoin & Crypto,com.binance.dev
Akash Chowdary,3,,good,2026-08-22 21:04:58,0,"Hello Akash! If you're enjoying using our app, would you mind considering a few more stars for us, pretty please? 😊 We'd really appreciate it. If you ever need help or have questions, don't hesitate to reach our support team through this link: https://binance.com/en/chat/ Thank you so much! 🌹 MM",2026-08-22 21:17:43,Binance: Buy Bitcoin & Crypto,com.binance.dev
Kala bai,5,,good 👍😊😊👍👍👍,2026-08-22 21:01:52,0,"Hey! We appreciate your lovely review and kind comment. Our utmost priority is to provide the best service possible to our valuable customers and community members. If you have any problems or if you have any inquiries, please reach out to our customer support team via live chat http://binance.com/en/chat. Our team will help. Thanks.",2026-08-22 21:17:33,Binance: Buy Bitcoin & Crypto,com.binance.dev
Syed Imran Hossen fahim,5,,wonderful website ❤️,2026-08-22 20:59:54,0,"Hi there, thank you so much for your positive feedback💛. We constantly strive to provide the best service to our users, and your feedback encourages us to continue doing so. Should you have any other questions or need further assistance in the future, please do not hesitate to reach out to us: https://www.binance.com/en/chat",2026-08-22 21:17:41,Binance: Buy Bitcoin & Crypto,com.binance.dev
Adrija Biswas,5,,good,2026-08-22 20:47:24,0,"Hi! We're thrilled to learn about your positive experience with Binance! Your feedback motivates us to continually improve. For any questions or issues, you can get our live support here: https://www.binance.com/en/chat. Thanks! 🎉",2026-08-22 21:00:23,Binance: Buy Bitcoin & Crypto,com.binance.dev
DEADSHOT,5,,Awesome 😎,2026-08-22 20:44:44,0,"Hi there, thank you so much for your positive feedback💛. We constantly strive to provide the best service to our users, and your feedback encourages us to continue doing so. Should you have any other questions or need further assistance in the future, please do not hesitate to reach out to us: https://www.binance.com/en/chat",2026-08-22 20:45:18,Binance: Buy Bitcoin & Crypto,com.binance.dev
Nasir Sultan,5,,best for cryptocurrency app and exchange 💱,2026-08-22 20:41:49,0,"Hey! We appreciate your lovely review and kind comment. Our utmost priority is to provide the best service possible to our valuable customers and community members. If you have any problems or if you have any inquiries, please reach out to our customer support team via live chat http://binance.com/en/chat. Our team will help. Thanks.",2026-08-22 20:45:23,Binance: Buy Bitcoin & Crypto,com.binance.dev
Md Usman Goni,5,,so nice,2026-08-22 20:35:32,0,"Hey! We appreciate your lovely review and kind comment. Our utmost priority is to provide the best service possible to our valuable customers and community members. If you have any problems or if you have any inquiries, please reach out to our customer support team via live chat http://binance.com/en/chat. Our team will help. Thanks.",2026-08-22 20:45:28,Binance: Buy Bitcoin & Crypto,com.binance.dev
Ms Aasil,4,,super,2026-08-22 20:25:45,0,"Thank you for your review. Enjoy using & keep supporting us :) If you have any feedback or suggestion, you could write to us at http://binance.com/en/chat. We would love to hear from you!",2026-08-22 20:30:14,Binance: Buy Bitcoin & Crypto,com.binance.dev
Micheal Muthoni,5,,best of the best,2026-08-22 20:16:36,0,"Thank you for your review. Enjoy using & keep supporting us :) If you have any feedback or suggestion, you could write to us at http://binance.com/en/chat. We would love to hear from you!",2026-08-22 20:30:37,Binance: Buy Bitcoin & Crypto,com.binance.dev
Muhammad Tayyab,5,,I think this is better for beginners,2026-08-22 20:13:42,0,"Hey! We appreciate your lovely review and kind comment. Our utmost priority is to provide the best service possible to our valuable customers and community members. If you have any problems or if you have any inquiries, please reach out to our customer support team via live chat http://binance.com/en/chat. Our team will help. Thanks.",2026-08-22 20:15:18,Binance: Buy Bitcoin & Crypto,com.binance.dev
Monayem Munna,4,,good,2026-08-22 20:10:45,0,"Hi! We're thrilled to learn about your positive experience with Binance! Your feedback motivates us to continually improve. For any questions or issues, you can get our live support here: https://www.binance.com/en/chat. Thanks! 🎉",2026-08-22 20:15:23,Binance: Buy Bitcoin & Crypto,com.binance.dev
Abdulla al Noman,5,,Binance best crypto exchange in the world,2026-08-22 20:06:07,0,"Hi! We are pleased that we met your expectations. Thank you for the stars🌟 At the same time, in case you need help with anything, you can connect with our live support team at binance.com/en/chat . We are here for you 24/7.",2026-08-22 20:15:27,Binance: Buy Bitcoin & Crypto,com.binance.dev
Ananda Raj,5,,Best,2026-08-22 19:50:40,0,"Hi there, thank you for your feedback💛. It's rewarding to hear that our efforts have been recognized. If you need any further assistance or have more insights you'd like to share, please do not hesitate to reach out to us: https://www.binance.com/en/chat",2026-08-22 20:00:15,Binance: Buy Bitcoin & Crypto,com.binance.dev
Chemkem Konyak,5,,👍,2026-08-22 19:49:59,0,,,Binance: Buy Bitcoin & Crypto,com.binance.dev
MD MOMIN ISLAM,1,,nice,2026-08-22 19:46:05,0,"Hello MD Momin! If you're enjoying using our app, would you mind considering a few more stars for us, pretty please? 😊 We'd really appreciate it. If you ever need help or have questions, don't hesitate to reach our support team through this link: https://binance.com/en/chat/ Thank you so much! 🌹 MM",2026-08-22 20:09:56,Binance: Buy Bitcoin & Crypto,com.binance.dev
Abdull Rauf,5,,good apss,2026-08-22 19:41:49,0,"Hi! We're thrilled to learn about your positive experience with Binance! Your feedback motivates us to continually improve. For any questions or issues, you can get our live support here: https://www.binance.com/en/chat. Thanks! 🎉",2026-08-22 19:45:21,Binance: Buy Bitcoin & Crypto,com.binance.dev
Umer Sharif,5,,"excellent experience The only problem is that whenever I apply the indicator, it gets automatically removed and I have to apply it again every day.",2026-08-22 19:30:03,0,"Thank you for your review. Enjoy using & keep supporting us :) If you have any feedback or suggestion, you could write to us at http://binance.com/en/chat. We would love to hear from you!",2025-11-20 11:00:18,Binance: Buy Bitcoin & Crypto,com.binance.dev
SUBHAM MOHANTY,5,,very good 👍🏻,2026-08-22 19:22:38,0,"Thank you for your review. Enjoy using & keep supporting us :) If you have any feedback or suggestion, you could write to us at http://binance.com/en/chat. We would love to hear from you!",2026-08-22 19:30:20,Binance: Buy Bitcoin & Crypto,com.binance.dev
Lucifer,5,,nice app,2026-08-22 19:20:48,0,"Hi! We are glad you are satisfied with Binance! Whenever you happen to have a Binance-related question, you can contact us at http://binance.com/en/chat 💛",2026-08-22 19:30:25,Binance: Buy Bitcoin & Crypto,com.binance.dev
Elysee Niyibuhungiro,5,,best,2026-08-22 19:20:32,0,"Hey! We are very happy to hear that you like the platform! Thank you for reviewing us, it really inspires us to be even better for you. If you ever need help or have any questions, please do not hesitate to contact our agents through our live support chat at: binance.com/en/chat | Thanks.",2026-08-22 19:30:29,Binance: Buy Bitcoin & Crypto,com.binance.dev
olatunya busayo,5,,excellent,2026-08-22 19:19:21,0,"Hi there, thank you so much for your positive feedback💛. We constantly strive to provide the best service to our users, and your feedback encourages us to continue doing so. Should you have any other questions or need further assistance in the future, please do not hesitate to reach out to us: https://www.binance.com/en/chat",2026-08-22 19:30:38,Binance: Buy Bitcoin & Crypto,com.binance.dev
Mostfizur Msr,5,,❤️✅,2026-08-22 19:04:11,0,,,Binance: Buy Bitcoin & Crypto,com.binance.dev
Chowdhury Riaz,5,,Very Good service,2026-08-22 18:43:53,0,"Thank you for your review. Enjoy using & keep supporting us :) If you have any feedback or suggestion, you could write to us at http://binance.com/en/chat. We would love to hear from you!",2026-08-22 18:45:55,Binance: Buy Bitcoin & Crypto,com.binance.dev
Alijutt Ali jutt,5,,all is good,2026-08-22 18:41:34,0,"Hi there, thank you for your feedback💛. It's rewarding to hear that our efforts have been recognized. If you need any further assistance or have more insights you'd like to share, please do not hesitate to reach out to us: https://www.binance.com/en/chat",2026-08-22 18:46:17,Binance: Buy Bitcoin & Crypto,com.binance.dev
Sunny Malhotra,5,,"safe n secure app Always I wish Grow this app ,& secure our funds",2026-08-22 18:10:15,0,"Thank you for your review. Enjoy using & keep supporting us :) If you have any feedback or suggestion, you could write to us at http://binance.com/en/chat. We would love to hear from you!",2026-08-22 18:16:21,Binance: Buy Bitcoin & Crypto,com.binance.dev
santosh sonkamble,5,,good,2026-08-22 18:00:26,0,"Hi there, thank you so much for your positive feedback💛. We constantly strive to provide the best service to our users, and your feedback encourages us to continue doing so. Should you have any other questions or need further assistance in the future, please do not hesitate to reach out to us: https://www.binance.com/en/chat",2026-08-22 18:16:27,Binance: Buy Bitcoin & Crypto,com.binance.dev
Anwar ullah,5,,One of the best arrow for all types of trader.,2026-08-22 17:47:20,0,"Hi! We are glad you are satisfied with Binance! Whenever you happen to have a Binance-related question, you can contact us at http://binance.com/en/chat 💛",2026-08-22 18:00:13,Binance: Buy Bitcoin & Crypto,com.binance.dev
Olivier Akimana01,5,,very good 😊,2026-08-22 17:46:27,0,"Hi! We are pleased that we met your expectations. Thank you for the stars🌟 At the same time, in case you need help with anything, you can connect with our live support team at binance.com/en/chat . We are here for you 24/7.",2026-08-22 18:00:17,Binance: Buy Bitcoin & Crypto,com.binance.dev
Rahul Hossain,5,,nice,2026-08-22 17:44:04,0,,,Binance: Buy Bitcoin & Crypto,com.binance.dev
Iyakub Mollah,5,,crypto,2026-08-22 17:41:44,0,,,Binance: Buy Bitcoin & Crypto,com.binance.dev
Tahir Hussain,5,,good,2026-08-22 17:36:01,0,,,Binance: Buy Bitcoin & Crypto,com.binance.dev
ARINDAM MONDAL,5,,good.,2026-08-22 17:34:31,0,"Hi! We're thrilled to learn about your positive experience with Binance! Your feedback motivates us to continually improve. For any questions or issues, you can get our live support here: https://www.binance.com/en/chat. Thanks! 🎉",2026-08-22 17:45:30,Binance: Buy Bitcoin & Crypto,com.binance.dev
Bach Technology,5,,good Crypto app,2026-08-22 17:29:19,0,"Hey! We appreciate your lovely review and kind comment. Our utmost priority is to provide the best service possible to our valuable customers and community members. If you have any problems or if you have any inquiries, please reach out to our customer support team via live chat http://binance.com/en/chat. Our team will help. Thanks.",2026-08-22 17:30:21,Binance: Buy Bitcoin & Crypto,com.binance.dev
Sabbir islam,5,,best support,2026-08-22 17:27:34,0,"Hey! We appreciate your lovely review and kind comment. Our utmost priority is to provide the best service possible to our valuable customers and community members. If you have any problems or if you have any inquiries, please reach out to our customer support team via live chat http://binance.com/en/chat. Our team will help. Thanks.",2026-08-22 17:30:29,Binance: Buy Bitcoin & Crypto,com.binance.dev
Apostle Prince Olayinka,5,,I love it,2026-08-22 17:19:46,0,"Thank you for your review. Enjoy using & keep supporting us :) If you have any feedback or suggestion, you could write to us at http://binance.com/en/chat. We would love to hear from you!",2026-08-22 17:30:37,Binance: Buy Bitcoin & Crypto,com.binance.dev
Abubakar Lukman,5,,I was so surprised,2026-08-22 16:43:52,0,,,Binance: Buy Bitcoin & Crypto,com.binance.dev
Hsuhs Hsuhsh,5,,best app ever,2026-08-22 16:36:07,0,"Hi! We're thrilled to learn about your positive experience with Binance! Your feedback motivates us to continually improve. For any questions or issues, you can get our live support here: https://www.binance.com/en/chat. Thanks! 🎉",2026-08-22 16:45:54,Binance: Buy Bitcoin & Crypto,com.binance.dev
Ansarul Mullah,5,,Current version most of the time is hang,2026-08-22 16:21:50,0,"Hello, Ansarul. Thank you for leaving your review. Here's a few steps you can try: 1. Clear the app cache; 2. Ensure you have strong internet signal; 3. Restart your device. If the experience remains, please feel free to contact us via live chat at - http://www.binance.com/en/chat and share your thoughts with us. We'll do our best to help. RA",2026-08-19 02:20:10,Binance: Buy Bitcoin & Crypto,com.binance.dev
Taskiya Jannat,5,,so good,2026-08-22 16:11:35,0,"Hi! We are glad you are satisfied with Binance! Whenever you happen to have a Binance-related question, you can contact us at http://binance.com/en/chat 💛",2026-08-22 16:16:12,Binance: Buy Bitcoin & Crypto,com.binance.dev
Rajkumar Warkade,5,,amejingh,2026-08-22 16:09:48,0,"Hi! We're thrilled to learn about your positive experience with Binance! Your feedback motivates us to continually improve. For any questions or issues, you can get our live support here: https://www.binance.com/en/chat. Thanks! 🎉",2026-08-22 16:16:15,Binance: Buy Bitcoin & Crypto,com.binance.dev
Amanuel Zerfu,5,,I love binancebapp more than anycrypto apps because it is almost perfect by design,2026-08-22 16:03:52,0,"Thank you for your review. Enjoy using & keep supporting us :) If you have any feedback or suggestion, you could write to us at http://binance.com/en/chat. We would love to hear from you!",2026-08-22 16:00:15,Binance: Buy Bitcoin & Crypto,com.binance.dev
Farhan Khan,5,,it's very good app for earning platform,2026-08-22 15:46:36,0,"Hi there, thank you for your feedback💛. It's rewarding to hear that our efforts have been recognized. If you need any further assistance or have more insights you'd like to share, please do not hesitate to reach out to us: https://www.binance.com/en/chat",2026-08-22 16:00:22,Binance: Buy Bitcoin & Crypto,com.binance.dev
Mst Sufia Khatun,5,,awesome,2026-08-22 15:27:41,0,"Hi! We are glad you are satisfied with Binance! Whenever you happen to have a Binance-related question, you can contact us at http://binance.com/en/chat 💛",2026-08-22 15:30:08,Binance: Buy Bitcoin & Crypto,com.binance.dev
Muhammed Aoun,5,,veri nice,2026-08-22 15:23:18,0,,,Binance: Buy Bitcoin & Crypto,com.binance.dev
Hasan hasan,5,,ok good,2026-08-22 15:01:25,0,"Hi there, thank you for your feedback💛. It's rewarding to hear that our efforts have been recognized. If you need any further assistance or have more insights you'd like to share, please do not hesitate to reach out to us: https://www.binance.com/en/chat",2026-08-22 15:15:22,Binance: Buy Bitcoin & Crypto,com.binance.dev
HASSAN AHMAD,4,,good view and user friendly app,2026-08-22 14:52:41,0,"Thank you for your review. Enjoy using & keep supporting us :) If you have any feedback or suggestion, you could write to us at http://binance.com/en/chat. We would love to hear from you!",2026-08-22 15:00:26,Binance: Buy Bitcoin & Crypto,com.binance.dev
MD Rufikul islam,5,,good apps,2026-08-22 14:49:28,0,"Hi! We are pleased that we met your expectations. Thank you for the stars🌟 At the same time, in case you need help with anything, you can connect with our live support team at binance.com/en/chat . We are here for you 24/7.",2026-08-22 15:00:33,Binance: Buy Bitcoin & Crypto,com.binance.dev
abdulasad official,5,,thank you,2026-08-22 14:37:55,0,,,Binance: Buy Bitcoin & Crypto,com.binance.dev
Md Rosid,1,,good,2026-08-22 14:18:48,0,"Hi Rosid! We're pleased to hear that you have had a good experience with our app. If there's anything we can do to elevate your experience from good to great, please don't hesitate to share. If you're willing, your 5-star rating would be immensely appreciated. It motivates us to strive for excellence. Thank you for your consideration! - FL",2026-08-22 14:31:03,Binance: Buy Bitcoin & Crypto,com.binance.dev
Furqan Khitran,5,,good,2026-08-22 14:16:38,0,"Hi! We are pleased that we met your expectations. Thank you for the stars🌟 At the same time, in case you need help with anything, you can connect with our live support team at binance.com/en/chat . We are here for you 24/7.",2026-08-22 14:30:19,Binance: Buy Bitcoin & Crypto,com.binance.dev
Umar Khayyam,5,,good experience,2026-08-22 14:14:26,0,"Thank you for your review. Enjoy using & keep supporting us :) If you have any feedback or suggestion, you could write to us at http://binance.com/en/chat. We would love to hear from you!",2026-08-22 14:15:35,Binance: Buy Bitcoin & Crypto,com.binance.dev
Good Mind,5,,great 😊😊😊👌,2026-08-22 14:14:14,0,"Hi there, thank you for your feedback💛. It's rewarding to hear that our efforts have been recognized. If you need any further assistance or have more insights you'd like to share, please do not hesitate to reach out to us: https://www.binance.com/en/chat",2026-08-22 14:15:49,Binance: Buy Bitcoin & Crypto,com.binance.dev
Aahan khan,4,,good,2026-08-22 14:13:50,0,"Hey! We are very happy to hear that you like the platform! Thank you for reviewing us, it really inspires us to be even better for you. If you ever need help or have any questions, please do not hesitate to contact our agents through our live support chat at: binance.com/en/chat | Thanks.",2026-08-22 14:15:54,Binance: Buy Bitcoin & Crypto,com.binance.dev
Jhamman Nishad,5,,excellent,2026-08-22 14:09:52,0,"Hey! We are very happy to hear that you like the platform! Thank you for reviewing us, it really inspires us to be even better for you. If you ever need help or have any questions, please do not hesitate to contact our agents through our live support chat at: binance.com/en/chat | Thanks.",2026-08-22 14:16:02,Binance: Buy Bitcoin & Crypto,com.binance.dev
Muhammad Awais,5,,good,2026-08-22 13:56:51,0,"Hi! We are glad you are satisfied with Binance! Whenever you happen to have a Binance-related question, you can contact us at http://binance.com/en/chat 💛",2026-08-22 14:00:46,Binance: Buy Bitcoin & Crypto,com.binance.dev
Cecil Chimwa,4,,i am now seeing where i can change the line on my trading chat into candles i want to see candles on the trading chat,2026-08-22 13:54:37,0,,,Binance: Buy Bitcoin & Crypto,com.binance.dev
Mts Maysha Sarket,5,,Nice apps😍😍,2026-08-22 13:46:54,0,"Hi! We are pleased that we met your expectations. Thank you for the stars🌟 At the same time, in case you need help with anything, you can connect with our live support team at binance.com/en/chat . We are here for you 24/7.",2026-08-22 14:00:53,Binance: Buy Bitcoin & Crypto,com.binance.dev
Babagana Tijjani,5,,Binance much better than any exchanger,2026-08-22 13:41:02,0,"Hi! We're thrilled to learn about your positive experience with Binance! Your feedback motivates us to continually improve. For any questions or issues, you can get our live support here: https://www.binance.com/en/chat. Thanks! 🎉",2026-08-22 13:46:01,Binance: Buy Bitcoin & Crypto,com.binance.dev
Afran S. রেয়া,5,,good,2026-08-22 13:40:46,0,"Hi there, thank you so much for your positive feedback💛. We constantly strive to provide the best service to our users, and your feedback encourages us to continue doing so. Should you have any other questions or need further assistance in the future, please do not hesitate to reach out to us: https://www.binance.com/en/chat",2026-08-22 13:46:05,Binance: Buy Bitcoin & Crypto,com.binance.dev
Jhasketan Netam,2,,good,2026-08-22 13:23:51,0,"Hi Jhasketan! We're pleased to hear that you have had a good experience with our app. If there's anything we can do to elevate your experience from good to great, please don't hesitate to share. If you're willing, your 5-star rating would be immensely appreciated. It motivates us to strive for excellence. Thank you for your consideration! - FL",2026-08-22 13:35:41,Binance: Buy Bitcoin & Crypto,com.binance.dev
Mili Rahman,5,,good,2026-08-22 13:09:29,0,"Hi! We're thrilled to learn about your positive experience with Binance! Your feedback motivates us to continually improve. For any questions or issues, you can get our live support here: https://www.binance.com/en/chat. Thanks! 🎉",2026-08-22 13:15:56,Binance: Buy Bitcoin & Crypto,com.binance.dev
Bas Sa,5,,excellent,2026-08-22 13:08:14,0,"Hey! We appreciate your lovely review and kind comment. Our utmost priority is to provide the best service possible to our valuable customers and community members. If you have any problems or if you have any inquiries, please reach out to our customer support team via live chat http://binance.com/en/chat. Our team will help. Thanks.",2026-08-22 13:16:00,Binance: Buy Bitcoin & Crypto,com.binance.dev
Umar Mani,5,,good,2026-08-22 13:05:28,0,"Thank you for your review. Enjoy using & keep supporting us :) If you have any feedback or suggestion, you could write to us at http://binance.com/en/chat. We would love to hear from you!",2026-08-22 13:16:41,Binance: Buy Bitcoin & Crypto,com.binance.dev
Harshit Saroya,5,,very usefull,2026-08-22 12:39:28,0,"Hey! We are very happy to hear that you like the platform! Thank you for reviewing us, it really inspires us to be even better for you. If you ever need help or have any questions, please do not hesitate to contact our agents through our live support chat at: binance.com/en/chat | Thanks.",2026-08-22 12:45:24,Binance: Buy Bitcoin & Crypto,com.binance.dev
ARFAN AHMAD KHAN,5,,love you binance,2026-08-22 12:38:45,0,"Hi! We're thrilled to learn about your positive experience with Binance! Your feedback motivates us to continually improve. For any questions or issues, you can get our live support here: https://www.binance.com/en/chat. Thanks! 🎉",2026-08-22 12:45:29,Binance: Buy Bitcoin & Crypto,com.binance.dev
Alhaji Pullo,5,,But you may have to watch out for what's happening in p2p.,2026-08-22 12:37:12,0,"Hello Alhaji, thank you for sharing your feedback. If you’ve encountered any issues or have any concerns regarding P2P, we’d be happy to learn more about your experience and assist further. Please feel free to contact our support team here: https://binance.com/en/chat - FL",2026-08-22 12:58:26,Binance: Buy Bitcoin & Crypto,com.binance.dev
Manjunath Bhovi,4,,good,2026-08-22 12:27:10,0,"Thank you for your review. Enjoy using & keep supporting us :) If you have any feedback or suggestion, you could write to us at http://binance.com/en/chat. We would love to hear from you!",2026-08-22 12:30:18,Binance: Buy Bitcoin & Crypto,com.binance.dev
realEdrecius Bahlekazi,5,,Beginers friendly.,2026-08-22 12:26:48,0,"Hi there, thank you for your feedback💛. It's rewarding to hear that our efforts have been recognized. If you need any further assistance or have more insights you'd like to share, please do not hesitate to reach out to us: https://www.binance.com/en/chat",2026-08-22 12:30:28,Binance: Buy Bitcoin & Crypto,com.binance.dev
Sampath Chandrarathna,5,,nice,2026-08-22 12:20:01,0,"Hey! We appreciate your lovely review and kind comment. Our utmost priority is to provide the best service possible to our valuable customers and community members. If you have any problems or if you have any inquiries, please reach out to our customer support team via live chat http://binance.com/en/chat. Our team will help. Thanks.",2026-08-22 12:30:36,Binance: Buy Bitcoin & Crypto,com.binance.dev
Sherajunpr0786,5,,excellent,2026-08-22 12:17:32,0,"Hi! We are glad you are satisfied with Binance! Whenever you happen to have a Binance-related question, you can contact us at http://binance.com/en/chat 💛",2026-08-22 12:30:43,Binance: Buy Bitcoin & Crypto,com.binance.dev
abdullahi yunusa,5,,good thought wallet,2026-08-22 12:12:28,0,"Hi there, thank you so much for your positive feedback💛. We constantly strive to provide the best service to our users, and your feedback encourages us to continue doing so. Should you have any other questions or need further assistance in the future, please do not hesitate to reach out to us: https://www.binance.com/en/chat",2026-08-22 12:15:11,Binance: Buy Bitcoin & Crypto,com.binance.dev
Kakali Begum,4,,very nice,2026-08-22 12:12:07,0,"Thank you for your review. Enjoy using & keep supporting us :) If you have any feedback or suggestion, you could write to us at http://binance.com/en/chat. We would love to hear from you!",2026-08-22 12:15:14,Binance: Buy Bitcoin & Crypto,com.binance.dev
Wahed Khan,5,,this app is very helpful,2026-08-22 12:11:05,0,"Thank you for your review. Enjoy using & keep supporting us :) If you have any feedback or suggestion, you could write to us at http://binance.com/en/chat. We would love to hear from you!",2026-08-22 12:15:20,Binance: Buy Bitcoin & Crypto,com.binance.dev
UJJSH Hhdh,5,,مميزه,2026-08-22 12:09:33,0,,,Binance: Buy Bitcoin & Crypto,com.binance.dev
SUSHANT KUMAR,1,,not showing complete amount ...paid 10k but showing bitcoin of only 8.4k,2026-08-22 12:08:39,0,"Hi. Please make sure you are checking the coins amount and not the estimated value of all your assets. If you still think the amount does not match the one you have deposited, please contact us via chat at https://binance.com/en/chat/ for further checking and guidance. Please consider editing your review later as well. Thank you. - HN",2026-08-22 12:25:14,Binance: Buy Bitcoin & Crypto,com.binance.dev
Baljit Sidhu,4,,Good,2026-08-22 12:05:51,0,"Hi there, thank you so much for your positive feedback💛. We constantly strive to provide the best service to our users, and your feedback encourages us to continue doing so. Should you have any other questions or need further assistance in the future, please do not hesitate to reach out to us: https://www.binance.com/en/chat",2026-08-22 12:15:33,Binance: Buy Bitcoin & Crypto,com.binance.dev
r v odedara,3,,good,2026-08-22 11:57:32,0,"Hi there, thank you for your review. If you like our app, could you let us know what is missing to get a 5 stars rating? Your feedback would be incredibly encouraging for us. For any inquiries, feel free to connect with our support team via this link: https://binance.com/en/chat/. - HN
",2026-08-22 12:01:28,Binance: Buy Bitcoin & Crypto,com.binance.dev
Albert Mlima,4,,others must use this app,2026-08-22 11:52:51,0,"Hi there, thank you so much for your positive feedback💛. We constantly strive to provide the best service to our users, and your feedback encourages us to continue doing so. Should you have any other questions or need further assistance in the future, please do not hesitate to reach out to us: https://www.binance.com/en/chat",2026-08-22 12:00:33,Binance: Buy Bitcoin & Crypto,com.binance.dev
fadi ghawanmeh,5,,nice,2026-08-22 11:47:30,0,"Hi! We are pleased that we met your expectations. Thank you for the stars🌟 At the same time, in case you need help with anything, you can connect with our live support team at binance.com/en/chat . We are here for you 24/7.",2026-08-22 12:00:37,Binance: Buy Bitcoin & Crypto,com.binance.dev
ansar ali,5,,nice app,2026-08-22 11:42:01,0,"Hey! We are very happy to hear that you like the platform! Thank you for reviewing us, it really inspires us to be even better for you. If you ever need help or have any questions, please do not hesitate to contact our agents through our live support chat at: binance.com/en/chat | Thanks.",2026-08-22 11:45:39,Binance: Buy Bitcoin & Crypto,com.binance.dev
king SL,5,,good,2026-08-22 11:36:24,0,"Hi there, thank you so much for your positive feedback💛. We constantly strive to provide the best service to our users, and your feedback encourages us to continue doing so. Should you have any other questions or need further assistance in the future, please do not hesitate to reach out to us: https://www.binance.com/en/chat",2026-08-22 11:45:43,Binance: Buy Bitcoin & Crypto,com.binance.dev
Yuvraj Jaiswal,5,,This is best And safe platform and very easy to use this platform is best platform love you Binance ❤️😘,2026-08-22 11:36:14,0,"Hi! We're thrilled to learn about your positive experience with Binance! Your feedback motivates us to continually improve. For any questions or issues, you can get our live support here: https://www.binance.com/en/chat. Thanks! 🎉",2026-08-22 11:45:47,Binance: Buy Bitcoin & Crypto,com.binance.dev
Nasir Usman,4,,I love binance,2026-08-22 11:35:09,0,"Hey! We appreciate your lovely review and kind comment. Our utmost priority is to provide the best service possible to our valuable customers and community members. If you have any problems or if you have any inquiries, please reach out to our customer support team via live chat http://binance.com/en/chat. Our team will help. Thanks.",2026-08-22 11:45:52,Binance: Buy Bitcoin & Crypto,com.binance.dev
Tarun Gamer,5,,good 👍🏻,2026-08-22 11:28:52,0,"Hi there, thank you for your feedback💛. It's rewarding to hear that our efforts have been recognized. If you need any further assistance or have more insights you'd like to share, please do not hesitate to reach out to us: https://www.binance.com/en/chat",2026-08-22 11:31:04,Binance: Buy Bitcoin & Crypto,com.binance.dev
Lukman Hamid,4,,like,2026-08-22 11:27:47,0,,,Binance: Buy Bitcoin & Crypto,com.binance.dev
Ucda Riaz,5,,excellent,2026-08-22 11:17:12,0,"Hi! We are glad you are satisfied with Binance! Whenever you happen to have a Binance-related question, you can contact us at http://binance.com/en/chat 💛",2026-08-22 11:31:22,Binance: Buy Bitcoin & Crypto,com.binance.dev
Tanjil Mia,1,,good,2026-08-22 11:13:32,0,"Hi Mia, thank you for your review. If you like our app, could you let us know what is missing to get a 5 stars rating? Your feedback would be incredibly encouraging for us. For any inquiries, feel free to connect with our support team via this link: https://binance.com/en/chat/. - HN",2026-08-22 11:18:59,Binance: Buy Bitcoin & Crypto,com.binance.dev
Ziyad Seid,5,,nice,2026-08-22 11:11:47,0,"Hi! We're thrilled to learn about your positive experience with Binance! Your feedback motivates us to continually improve. For any questions or issues, you can get our live support here: https://www.binance.com/en/chat. Thanks! 🎉",2026-08-22 11:16:18,Binance: Buy Bitcoin & Crypto,com.binance.dev
Aisha Humaira Sweety,5,,good job,2026-08-22 11:07:19,0,"Hi there, thank you for your feedback💛. It's rewarding to hear that our efforts have been recognized. If you need any further assistance or have more insights you'd like to share, please do not hesitate to reach out to us: https://www.binance.com/en/chat",2026-08-22 11:16:22,Binance: Buy Bitcoin & Crypto,com.binance.dev
Drpaul Mohan,1,,ok,2026-08-22 11:02:46,0,"Hello there, thank you for your review. If you like our app, could you let us know what is missing to get a 5 stars rating? Your feedback would be incredibly encouraging for us. For any inquiries, feel free to connect with our support team via this link: https://binance.com/en/chat/. - HN",2026-08-22 11:19:28,Binance: Buy Bitcoin & Crypto,com.binance.dev
Vicky Kumar,4,,good,2026-08-22 10:57:48,0,"Hi there, thank you so much for your positive feedback💛. We constantly strive to provide the best service to our users, and your feedback encourages us to continue doing so. Should you have any other questions or need further assistance in the future, please do not hesitate to reach out to us: https://www.binance.com/en/chat",2026-08-22 11:01:42,Binance: Buy Bitcoin & Crypto,com.binance.dev
DeEpak HalDeR,1,,Add Pure Black Theme instead Of Greyish... Looks Ugly 😢😢😢,2026-08-22 10:57:45,1,,,Binance: Buy Bitcoin & Crypto,com.binance.dev
Sani Sale,5,,excellent,2026-08-22 10:40:02,0,"Hi! We are glad you are satisfied with Binance! Whenever you happen to have a Binance-related question, you can contact us at http://binance.com/en/chat 💛",2026-08-22 10:46:53,Binance: Buy Bitcoin & Crypto,com.binance.dev
Harikesh Paswan,4,,Good,2026-08-22 10:39:13,0,"Hi there, thank you so much for your positive feedback💛. We constantly strive to provide the best service to our users, and your feedback encourages us to continue doing so. Should you have any other questions or need further assistance in the future, please do not hesitate to reach out to us: https://www.binance.com/en/chat",2026-08-22 10:46:57,Binance: Buy Bitcoin & Crypto,com.binance.dev
Sejan Jomedar,5,,good mony,2026-08-22 10:35:58,0,,,Binance: Buy Bitcoin & Crypto,com.binance.dev
Md Mojibor,5,,good,2026-08-22 10:27:04,0,"Thank you for your review. Enjoy using & keep supporting us :) If you have any feedback or suggestion, you could write to us at http://binance.com/en/chat. We would love to hear from you!",2026-08-22 10:30:08,Binance: Buy Bitcoin & Crypto,com.binance.dev
Rajesh Biswakarma,5,,good,2026-08-22 10:26:36,0,"Hey! We appreciate your lovely review and kind comment. Our utmost priority is to provide the best service possible to our valuable customers and community members. If you have any problems or if you have any inquiries, please reach out to our customer support team via live chat http://binance.com/en/chat. Our team will help. Thanks.",2026-08-22 10:30:12,Binance: Buy Bitcoin & Crypto,com.binance.dev
Lasman Doley,5,,good,2026-08-22 10:18:46,0,"Hey! We are very happy to hear that you like the platform! Thank you for reviewing us, it really inspires us to be even better for you. If you ever need help or have any questions, please do not hesitate to contact our agents through our live support chat at: binance.com/en/chat | Thanks.",2026-08-22 10:30:22,Binance: Buy Bitcoin & Crypto,com.binance.dev
Karthi Karthi,5,,ok,2026-08-22 10:03:10,0,,,Binance: Buy Bitcoin & Crypto,com.binance.dev
Suhail,5,,good 👍,2026-08-22 10:03:10,0,"Hi! We're thrilled to learn about your positive experience with Binance! Your feedback motivates us to continually improve. For any questions or issues, you can get our live support here: https://www.binance.com/en/chat. Thanks! 🎉",2026-08-22 10:15:29,Binance: Buy Bitcoin & Crypto,com.binance.dev
Airtel lte,5,,Simple Use,2026-08-22 09:59:11,0,"Hi! We are glad you are satisfied with Binance! Whenever you happen to have a Binance-related question, you can contact us at http://binance.com/en/chat 💛",2026-08-22 10:00:37,Binance: Buy Bitcoin & Crypto,com.binance.dev
Shadin Ray,5,,Good,2026-08-22 09:54:56,1,"Hi! We are glad you are satisfied with Binance! Whenever you happen to have a Binance-related question, you can contact us at http://binance.com/en/chat 💛",2026-08-22 10:00:43,Binance: Buy Bitcoin & Crypto,com.binance.dev
Manish Jairath,5,,best,2026-08-22 09:54:29,1,"Hi there, thank you so much for your positive feedback💛. We constantly strive to provide the best service to our users, and your feedback encourages us to continue doing so. Should you have any other questions or need further assistance in the future, please do not hesitate to reach out to us: https://www.binance.com/en/chat",2026-08-22 10:00:46,Binance: Buy Bitcoin & Crypto,com.binance.dev
Rojina Bagum,5,,good app,2026-08-22 09:52:36,0,"Hi! We are glad you are satisfied with Binance! Whenever you happen to have a Binance-related question, you can contact us at http://binance.com/en/chat 💛",2026-08-22 10:00:55,Binance: Buy Bitcoin & Crypto,com.binance.dev
dsp chemjong,5,,best app,2026-08-22 09:43:13,0,"Hi there, thank you so much for your positive feedback💛. We constantly strive to provide the best service to our users, and your feedback encourages us to continue doing so. Should you have any other questions or need further assistance in the future, please do not hesitate to reach out to us: https://www.binance.com/en/chat",2026-08-22 09:45:50,Binance: Buy Bitcoin & Crypto,com.binance.dev
KHARDAR THAPA,5,,trusted,2026-08-22 09:36:46,0,,,Binance: Buy Bitcoin & Crypto,com.binance.dev
Idris Khalid,5,,best crypto exchange in the world,2026-08-22 09:30:36,0,"Hey! We are very happy to hear that you like the platform! Thank you for reviewing us, it really inspires us to be even better for you. If you ever need help or have any questions, please do not hesitate to contact our agents through our live support chat at: binance.com/en/chat | Thanks.",2026-08-22 09:45:56,Binance: Buy Bitcoin & Crypto,com.binance.dev
Dipanshu Shukla,5,,great app,2026-08-22 09:29:09,0,"Hi! We're thrilled to learn about your positive experience with Binance! Your feedback motivates us to continually improve. For any questions or issues, you can get our live support here: https://www.binance.com/en/chat. Thanks! 🎉",2026-08-22 09:31:14,Binance: Buy Bitcoin & Crypto,com.binance.dev
Let's get some_____?,5,,good,2026-08-22 09:24:58,1,"Thank you for your review. Enjoy using & keep supporting us :) If you have any feedback or suggestion, you could write to us at http://binance.com/en/chat. We would love to hear from you!",2026-08-22 09:31:21,Binance: Buy Bitcoin & Crypto,com.binance.dev
Suman,5,,good 👍,2026-08-22 09:22:51,1,"Hi! We are pleased that we met your expectations. Thank you for the stars🌟 At the same time, in case you need help with anything, you can connect with our live support team at binance.com/en/chat . We are here for you 24/7.",2026-08-22 09:31:25,Binance: Buy Bitcoin & Crypto,com.binance.dev
Akash Chauhan,1,,super,2026-08-22 09:16:58,0,"Hi there, thank you for your review. If you like our app, could you let us know what is missing to get a 5 stars rating? Your feedback would be incredibly encouraging for us. For any inquiries, feel free to connect with our support team via this link: https://binance.com/en/chat/. - HN
",2026-08-22 10:04:06,Binance: Buy Bitcoin & Crypto,com.binance.dev
RAJENDRA SAINI,5,,nice app good work and all that you will have a great day today,2026-08-22 09:14:03,0,"Thank you for your review. Enjoy using & keep supporting us :) If you have any feedback or suggestion, you could write to us at http://binance.com/en/chat. We would love to hear from you!",2026-08-22 09:16:27,Binance: Buy Bitcoin & Crypto,com.binance.dev
Muhammad Shahzad,1,,"Binance customer support service is so bad, by qualification they are not even matric pass, Binance has become a hub of scam no one is interested in victims whose funds are frozen. soon they will scam",2026-08-22 09:01:23,0,"Hi Muhammad. We are here to help. Please share the CID where you previously contacted our support team regarding your account problem, so we can check it and assist you further. If you have lost the old chat, please feel free to contact us through a new one at https://binance.com/en/chat and share the new CID with us. - HN",2026-08-22 10:03:00,Binance: Buy Bitcoin & Crypto,com.binance.dev
Mohsin Shehzad,5,,excellent,2026-08-22 08:46:21,0,"Hi there, thank you so much for your positive feedback💛. We constantly strive to provide the best service to our users, and your feedback encourages us to continue doing so. Should you have any other questions or need further assistance in the future, please do not hesitate to reach out to us: https://www.binance.com/en/chat",2026-08-22 09:01:43,Binance: Buy Bitcoin & Crypto,com.binance.dev
Gaurav Bhardwaj,5,,very very best app in the world,2026-08-22 08:42:46,0,"Hi! We are pleased that we met your expectations. Thank you for the stars🌟 At the same time, in case you need help with anything, you can connect with our live support team at binance.com/en/chat . We are here for you 24/7.",2026-08-22 08:46:56,Binance: Buy Bitcoin & Crypto,com.binance.dev
A Google user,5,,good app,2026-08-22 08:34:48,0,"Thank you for your review. Enjoy using & keep supporting us :) If you have any feedback or suggestion, you could write to us at http://binance.com/en/chat. We would love to hear from you!",2026-08-22 08:47:08,Binance: Buy Bitcoin & Crypto,com.binance.dev
sajidkhoso245 sajidkhoso245,5,,good,2026-08-22 08:31:09,0,"Thank you for your review. Enjoy using & keep supporting us :) If you have any feedback or suggestion, you could write to us at http://binance.com/en/chat. We would love to hear from you!",2026-08-22 08:47:13,Binance: Buy Bitcoin & Crypto,com.binance.dev
jagpreet singh,5,,good,2026-08-22 08:28:05,0,"Hi there, thank you for your feedback💛. It's rewarding to hear that our efforts have been recognized. If you need any further assistance or have more insights you'd like to share, please do not hesitate to reach out to us: https://www.binance.com/en/chat",2026-08-22 08:30:08,Binance: Buy Bitcoin & Crypto,com.binance.dev
Kingstoner 25,5,,binance the best money transfer for me,2026-08-22 08:25:41,0,"Hey! We appreciate your lovely review and kind comment. Our utmost priority is to provide the best service possible to our valuable customers and community members. If you have any problems or if you have any inquiries, please reach out to our customer support team via live chat http://binance.com/en/chat. Our team will help. Thanks.",2026-08-22 08:30:13,Binance: Buy Bitcoin & Crypto,com.binance.dev
Farhan Mayo,4,,good,2026-08-22 08:21:06,0,"Hi! We're thrilled to learn about your positive experience with Binance! Your feedback motivates us to continually improve. For any questions or issues, you can get our live support here: https://www.binance.com/en/chat. Thanks! 🎉",2026-08-22 08:30:17,Binance: Buy Bitcoin & Crypto,com.binance.dev
Sk Shafi,5,,good app,2026-08-22 08:11:03,0,"Hey! We are very happy to hear that you like the platform! Thank you for reviewing us, it really inspires us to be even better for you. If you ever need help or have any questions, please do not hesitate to contact our agents through our live support chat at: binance.com/en/chat | Thanks.",2026-08-22 08:15:22,Binance: Buy Bitcoin & Crypto,com.binance.dev
Pam Romeo,5,,love it,2026-08-22 07:52:25,0,"Hi! We're thrilled to learn about your positive experience with Binance! Your feedback motivates us to continually improve. For any questions or issues, you can get our live support here: https://www.binance.com/en/chat. Thanks! 🎉",2026-08-22 08:00:31,Binance: Buy Bitcoin & Crypto,com.binance.dev
Villages park BD,1,,bery nice,2026-08-22 07:40:23,0,"Hello! Thank you for considering Binance as the best! We're delighted to hear such positive feedback. If you've enjoyed your experience with us, could you please consider leaving a higher rating? Your support means a lot to us, and we're always here to assist you with any questions http://www.binance.com/en/chat. -BC
",2026-08-22 09:51:55,Binance: Buy Bitcoin & Crypto,com.binance.dev
SHANNU MUDHIRAJ (Shannu & Manasa),5,,super,2026-08-22 07:33:39,0,"Hey! We appreciate your lovely review and kind comment. Our utmost priority is to provide the best service possible to our valuable customers and community members. If you have any problems or if you have any inquiries, please reach out to our customer support team via live chat http://binance.com/en/chat. Our team will help. Thanks.",2026-08-22 07:45:41,Binance: Buy Bitcoin & Crypto,com.binance.dev
Sd Khan,5,,nice,2026-08-22 07:23:05,0,"Thank you for your review. Enjoy using & keep supporting us :) If you have any feedback or suggestion, you could write to us at http://binance.com/en/chat. We would love to hear from you!",2026-08-22 07:30:51,Binance: Buy Bitcoin & Crypto,com.binance.dev
Sawera Malik,5,,amazing 😍,2026-08-22 07:00:08,0,"Hi! We are pleased that we met your expectations. Thank you for the stars🌟 At the same time, in case you need help with anything, you can connect with our live support team at binance.com/en/chat . We are here for you 24/7.",2026-08-22 07:15:53,Binance: Buy Bitcoin & Crypto,com.binance.dev
Mahendra Joshi,5,,good,2026-08-22 06:52:30,0,"Thank you for your review. Enjoy using & keep supporting us :) If you have any feedback or suggestion, you could write to us at http://binance.com/en/chat. We would love to hear from you!",2026-08-22 07:00:21,Binance: Buy Bitcoin & Crypto,com.binance.dev
Mdabdur Rohimkhan009,5,,অনেক ভালো,2026-08-22 06:43:02,0,"Hi! We're thrilled to learn about your positive experience with Binance! Your feedback motivates us to continually improve. For any questions or issues, you can get our live support here: https://www.binance.com/en/chat. Thanks! 🎉",2026-08-22 06:45:19,Binance: Buy Bitcoin & Crypto,com.binance.dev
Minh Vũ Lại,5,,greatest the goat,2026-08-22 06:35:03,0,"Hi! We're thrilled to learn about your positive experience with Binance! Your feedback motivates us to continually improve. For any questions or issues, you can get our live support here: https://www.binance.com/en/chat. Thanks! 🎉",2026-08-22 06:45:28,Binance: Buy Bitcoin & Crypto,com.binance.dev
aungnaing myo,5,,excellent,2026-08-22 06:30:05,0,"Hey! We are very happy to hear that you like the platform! Thank you for reviewing us, it really inspires us to be even better for you. If you ever need help or have any questions, please do not hesitate to contact our agents through our live support chat at: binance.com/en/chat | Thanks.",2026-08-22 06:45:35,Binance: Buy Bitcoin & Crypto,com.binance.dev
Chanmuni Devi,5,,Good for me,2026-08-22 05:51:08,0,"Hey! We are very happy to hear that you like the platform! Thank you for reviewing us, it really inspires us to be even better for you. If you ever need help or have any questions, please do not hesitate to contact our agents through our live support chat at: binance.com/en/chat | Thanks.",2026-08-22 06:00:18,Binance: Buy Bitcoin & Crypto,com.binance.dev
Mr Kasab,4,,kind a good,2026-08-22 05:46:17,1,"Hi! We are pleased that we met your expectations. Thank you for the stars🌟 At the same time, in case you need help with anything, you can connect with our live support team at binance.com/en/chat . We are here for you 24/7.",2026-08-22 06:00:29,Binance: Buy Bitcoin & Crypto,com.binance.dev
Alessandro Araujo (SandroArtz),5,,The best wallet for cripto I like it,2026-08-22 05:45:27,0,"Hi there, thank you for your feedback💛. It's rewarding to hear that our efforts have been recognized. If you need any further assistance or have more insights you'd like to share, please do not hesitate to reach out to us: https://www.binance.com/en/chat",2026-08-22 06:00:38,Binance: Buy Bitcoin & Crypto,com.binance.dev
Boya Dhanunjaya,5,,super app,2026-08-22 05:45:18,0,"Thank you for your review. Enjoy using & keep supporting us :) If you have any feedback or suggestion, you could write to us at http://binance.com/en/chat. We would love to hear from you!",2026-08-22 06:00:48,Binance: Buy Bitcoin & Crypto,com.binance.dev
Huy Nguyen Huu,5,,ok lam,2026-08-22 05:26:57,0,,,Binance: Buy Bitcoin & Crypto,com.binance.dev
Fanny Motimele,5,,very good,2026-08-22 05:19:22,0,"Hi! We are glad you are satisfied with Binance! Whenever you happen to have a Binance-related question, you can contact us at http://binance.com/en/chat 💛",2026-08-22 05:30:51,Binance: Buy Bitcoin & Crypto,com.binance.dev
TAPOSH MUKHERJEE,5,,good,2026-08-22 05:06:20,0,"Hey! We are very happy to hear that you like the platform! Thank you for reviewing us, it really inspires us to be even better for you. If you ever need help or have any questions, please do not hesitate to contact our agents through our live support chat at: binance.com/en/chat | Thanks.",2026-08-22 05:16:15,Binance: Buy Bitcoin & Crypto,com.binance.dev
Faruk On Fire,5,,nice,2026-08-22 04:44:33,0,,,Binance: Buy Bitcoin & Crypto,com.binance.dev
Amjad Mahsood,5,,life changing bro,2026-08-22 04:31:36,0,"Hi! We are pleased that we met your expectations. Thank you for the stars🌟 At the same time, in case you need help with anything, you can connect with our live support team at binance.com/en/chat . We are here for you 24/7.",2026-08-22 04:46:45,Binance: Buy Bitcoin & Crypto,com.binance.dev
Muhammad Hussain,5,,good,2026-08-22 04:30:41,0,"Hi! We are glad you are satisfied with Binance! Whenever you happen to have a Binance-related question, you can contact us at http://binance.com/en/chat 💛",2026-08-22 04:46:48,Binance: Buy Bitcoin & Crypto,com.binance.dev
Nabiullah Intzar,5,,the best app,2026-08-22 04:27:40,1,"Hi! We are pleased that we met your expectations. Thank you for the stars🌟 At the same time, in case you need help with anything, you can connect with our live support team at binance.com/en/chat . We are here for you 24/7.",2026-08-22 04:32:08,Binance: Buy Bitcoin & Crypto,com.binance.dev
Samaon Islam,5,,very Good,2026-08-22 04:17:26,0,"Hi! We're thrilled to learn about your positive experience with Binance! Your feedback motivates us to continually improve. For any questions or issues, you can get our live support here: https://www.binance.com/en/chat. Thanks! 🎉",2026-08-22 04:32:16,Binance: Buy Bitcoin & Crypto,com.binance.dev
Osagie Ogiamien,2,,I believe i will gain,2026-08-22 03:32:04,0,"Hello there, we are here to help. Could you tell us more about your experience? Do you face any difficulties or require assistance? You may always contact our customer support team at https://binance.com/en/chat for help. Please remember to edit your review after contacting us, thank you. - HN
",2026-08-22 04:41:10,Binance: Buy Bitcoin & Crypto,com.binance.dev
David Chilly,5,,Great,2026-08-22 03:27:45,0,"Hi! We are pleased that we met your expectations. Thank you for the stars🌟 At the same time, in case you need help with anything, you can connect with our live support team at binance.com/en/chat . We are here for you 24/7.",2026-08-22 03:31:15,Binance: Buy Bitcoin & Crypto,com.binance.dev
Alesinloye Oluwaseun,5,,best so far,2026-08-22 03:07:52,0,"Hi there, thank you so much for your positive feedback💛. We constantly strive to provide the best service to our users, and your feedback encourages us to continue doing so. Should you have any other questions or need further assistance in the future, please do not hesitate to reach out to us: https://www.binance.com/en/chat",2026-08-22 03:16:38,Binance: Buy Bitcoin & Crypto,com.binance.dev
System Trade,5,,Best payment platform,2026-08-22 02:50:36,0,"Hey! We are very happy to hear that you like the platform! Thank you for reviewing us, it really inspires us to be even better for you. If you ever need help or have any questions, please do not hesitate to contact our agents through our live support chat at: binance.com/en/chat | Thanks.",2026-08-22 03:01:40,Binance: Buy Bitcoin & Crypto,com.binance.dev
Bhatti Saab,5,,great exchange,2026-08-22 02:43:41,0,"Hi! We are pleased that we met your expectations. Thank you for the stars🌟 At the same time, in case you need help with anything, you can connect with our live support team at binance.com/en/chat . We are here for you 24/7.",2026-08-22 02:46:52,Binance: Buy Bitcoin & Crypto,com.binance.dev
Golden Luxury,5,,good,2026-08-22 02:25:25,0,"Hi there, thank you for your feedback💛. It's rewarding to hear that our efforts have been recognized. If you need any further assistance or have more insights you'd like to share, please do not hesitate to reach out to us: https://www.binance.com/en/chat",2026-08-22 02:30:14,Binance: Buy Bitcoin & Crypto,com.binance.dev
Waqas jan Jan muhummad,3,,good app💯,2026-08-22 02:15:30,0,"Hello, Waqas! Thanks for sharing your experience. If you enjoy our app consider updating your rating to reflect your satisfaction. Should you need any assistance, we're always ready to help at - www.binance.com/en/chat | RA",2026-08-22 03:10:21,Binance: Buy Bitcoin & Crypto,com.binance.dev
Tech Information With Maqbool Ahmad,5,,👍,2026-08-22 01:56:34,0,,,Binance: Buy Bitcoin & Crypto,com.binance.dev
Ning-Jia Ong,5,,"Binance is Finance with a B. but I'm Asian, so B is for losers, I'm gonna need them to change their name to Ainance.",2026-08-22 01:52:06,0,,,Binance: Buy Bitcoin & Crypto,com.binance.dev
Miguel Mora,5,,excelente app,2026-08-22 01:05:47,0,"Hi there, thank you for your feedback💛. It's rewarding to hear that our efforts have been recognized. If you need any further assistance or have more insights you'd like to share, please do not hesitate to reach out to us: https://www.binance.com/en/chat",2026-08-22 01:16:09,Binance: Buy Bitcoin & Crypto,com.binance.dev
rajjak payoneer,5,,❤️,2026-08-22 00:28:18,0,,,Binance: Buy Bitcoin & Crypto,com.binance.dev
Chukwudi Kenneth Anthony,5,,very good app,2026-08-22 00:03:37,0,"Hi there, thank you so much for your positive feedback💛. We constantly strive to provide the best service to our users, and your feedback encourages us to continue doing so. Should you have any other questions or need further assistance in the future, please do not hesitate to reach out to us: https://www.binance.com/en/chat",2026-08-22 00:15:50,Binance: Buy Bitcoin & Crypto,com.binance.dev
Stranger,5,,super 😍,2026-08-21 23:55:55,0,"Hi! We are pleased that we met your expectations. Thank you for the stars🌟 At the same time, in case you need help with anything, you can connect with our live support team at binance.com/en/chat . We are here for you 24/7.",2026-08-22 00:01:18,Binance: Buy Bitcoin & Crypto,com.binance.dev
Kingjofac Resources Ltd,5,,good experience,2026-08-21 23:51:50,0,"Hi! We're thrilled to learn about your positive experience with Binance! Your feedback motivates us to continually improve. For any questions or issues, you can get our live support here: https://www.binance.com/en/chat. Thanks! 🎉",2026-08-22 00:01:47,Binance: Buy Bitcoin & Crypto,com.binance.dev
Joseph Aondoawase,5,,it's not bad,2026-08-21 23:49:13,0,,,Binance: Buy Bitcoin & Crypto,com.binance.dev
Petar Obiwulu,5,,this Bianca is very good I love it so much,2026-08-21 23:47:57,0,"Hi! We are pleased that we met your expectations. Thank you for the stars🌟 At the same time, in case you need help with anything, you can connect with our live support team at binance.com/en/chat . We are here for you 24/7.",2026-08-22 00:02:01,Binance: Buy Bitcoin & Crypto,com.binance.dev
Mac Martins,5,,Excellent 👍,2026-08-21 23:38:06,0,"Hey! We are very happy to hear that you like the platform! Thank you for reviewing us, it really inspires us to be even better for you. If you ever need help or have any questions, please do not hesitate to contact our agents through our live support chat at: binance.com/en/chat | Thanks.",2026-08-21 23:46:31,Binance: Buy Bitcoin & Crypto,com.binance.dev
Md Billal,5,,nice app,2026-08-21 22:51:18,0,"Hey! We are very happy to hear that you like the platform! Thank you for reviewing us, it really inspires us to be even better for you. If you ever need help or have any questions, please do not hesitate to contact our agents through our live support chat at: binance.com/en/chat | Thanks.",2026-08-21 23:00:19,Binance: Buy Bitcoin & Crypto,com.binance.dev
Vijay Maalya ji,5,,good,2026-08-21 22:22:09,0,"Hey! We are very happy to hear that you like the platform! Thank you for reviewing us, it really inspires us to be even better for you. If you ever need help or have any questions, please do not hesitate to contact our agents through our live support chat at: binance.com/en/chat | Thanks.",2026-08-21 22:30:46,Binance: Buy Bitcoin & Crypto,com.binance.dev
Adebisi Kehinde,5,,So helpful with my dollar transaction,2026-08-21 22:18:29,0,"Hi! We are pleased that we met your expectations. Thank you for the stars🌟 At the same time, in case you need help with anything, you can connect with our live support team at binance.com/en/chat . We are here for you 24/7.",2026-08-21 22:30:53,Binance: Buy Bitcoin & Crypto,com.binance.dev
Extra Gmail04,5,,amazing app,2026-08-21 22:10:21,0,"Hey! We appreciate your lovely review and kind comment. Our utmost priority is to provide the best service possible to our valuable customers and community members. If you have any problems or if you have any inquiries, please reach out to our customer support team via live chat http://binance.com/en/chat. Our team will help. Thanks.",2026-08-21 22:15:50,Binance: Buy Bitcoin & Crypto,com.binance.dev
Biniyam Amanuel,4,,great security,2026-08-21 22:05:30,0,"Hi there, thank you so much for your positive feedback💛. We constantly strive to provide the best service to our users, and your feedback encourages us to continue doing so. Should you have any other questions or need further assistance in the future, please do not hesitate to reach out to us: https://www.binance.com/en/chat",2026-08-21 22:16:02,Binance: Buy Bitcoin & Crypto,com.binance.dev
Nitai Haldar (Prem),2,,good 👍,2026-08-21 22:01:43,0,"Hello, Nitai! We’re glad to know you’re enjoying the app. If there’s anything we can do to make your experience even better, feel free to share more with us on http://www.binance.com/en/chat | If you truly enjoy our app, consider updating your review and include what's missing for a 5-star. It would mean a lot for us. RA",2026-08-21 22:37:33,Binance: Buy Bitcoin & Crypto,com.binance.dev
Asghar Ali,5,,i new,2026-08-21 21:57:17,0,,,Binance: Buy Bitcoin & Crypto,com.binance.dev
sudhir mohanty,5,,ok,2026-08-21 21:50:50,0,,,Binance: Buy Bitcoin & Crypto,com.binance.dev
Saim,5,,Okey,2026-08-21 21:45:25,0,,,Binance: Buy Bitcoin & Crypto,com.binance.dev
Kelvin Njuguna,5,,the best App to use in trading,2026-08-21 21:12:59,0,"Hi! We are glad you are satisfied with Binance! Whenever you happen to have a Binance-related question, you can contact us at http://binance.com/en/chat 💛",2026-08-21 21:15:25,Binance: Buy Bitcoin & Crypto,com.binance.dev
Asnan Rana,5,,good,2026-08-21 21:08:28,0,"Hi there, thank you so much for your positive feedback💛. We constantly strive to provide the best service to our users, and your feedback encourages us to continue doing so. Should you have any other questions or need further assistance in the future, please do not hesitate to reach out to us: https://www.binance.com/en/chat",2026-08-21 21:15:32,Binance: Buy Bitcoin & Crypto,com.binance.dev
Rajib Mondal,5,,super 👍,2026-08-21 21:08:20,0,"Hey! We are very happy to hear that you like the platform! Thank you for reviewing us, it really inspires us to be even better for you. If you ever need help or have any questions, please do not hesitate to contact our agents through our live support chat at: binance.com/en/chat | Thanks.",2026-08-21 21:16:04,Binance: Buy Bitcoin & Crypto,com.binance.dev
MD Shehab Ahmed,5,,good performance,2026-08-21 21:02:22,0,"Hi there, thank you so much for your positive feedback💛. We constantly strive to provide the best service to our users, and your feedback encourages us to continue doing so. Should you have any other questions or need further assistance in the future, please do not hesitate to reach out to us: https://www.binance.com/en/chat",2026-08-21 21:16:16,Binance: Buy Bitcoin & Crypto,com.binance.dev
Neel Hothi,4,,nice app,2026-08-21 20:57:11,0,"Hi! We are pleased that we met your expectations. Thank you for the stars🌟 At the same time, in case you need help with anything, you can connect with our live support team at binance.com/en/chat . We are here for you 24/7.",2026-08-21 21:00:23,Binance: Buy Bitcoin & Crypto,com.binance.dev
Mersi Digafe,5,,Good wallet,2026-08-21 20:46:06,0,"Thank you for your review. Enjoy using & keep supporting us :) If you have any feedback or suggestion, you could write to us at http://binance.com/en/chat. We would love to hear from you!",2026-08-21 21:00:32,Binance: Buy Bitcoin & Crypto,com.binance.dev
Comrade Trader,5,,learning about it good 👍,2026-08-21 20:42:43,0,"Hi! We are pleased that we met your expectations. Thank you for the stars🌟 At the same time, in case you need help with anything, you can connect with our live support team at binance.com/en/chat . We are here for you 24/7.",2026-08-21 20:45:34,Binance: Buy Bitcoin & Crypto,com.binance.dev
MEHER ALI,5,,Great App and trustable,2026-08-21 20:33:02,0,"Thank you for your review. Enjoy using & keep supporting us :) If you have any feedback or suggestion, you could write to us at http://binance.com/en/chat. We would love to hear from you!",2026-08-21 20:45:46,Binance: Buy Bitcoin & Crypto,com.binance.dev
SAHEED ILEBIYI,5,,good to use,2026-08-21 20:28:15,0,"Hi there, thank you for your feedback💛. It's rewarding to hear that our efforts have been recognized. If you need any further assistance or have more insights you'd like to share, please do not hesitate to reach out to us: https://www.binance.com/en/chat",2026-08-21 20:30:40,Binance: Buy Bitcoin & Crypto,com.binance.dev
MD Dulal,5,,good apps,2026-08-21 20:24:42,0,,,Binance: Buy Bitcoin & Crypto,com.binance.dev
Rifat Molla,5,,nice,2026-08-21 20:18:59,0,,,Binance: Buy Bitcoin & Crypto,com.binance.dev
Hamim Hossain,5,,good,2026-08-21 20:10:27,0,"Hi! We're thrilled to learn about your positive experience with Binance! Your feedback motivates us to continually improve. For any questions or issues, you can get our live support here: https://www.binance.com/en/chat. Thanks! 🎉",2026-08-21 20:15:46,Binance: Buy Bitcoin & Crypto,com.binance.dev
Sinha ji,5,,very nice app,2026-08-21 20:06:20,0,"Thank you for your review. Enjoy using & keep supporting us :) If you have any feedback or suggestion, you could write to us at http://binance.com/en/chat. We would love to hear from you!",2026-08-21 20:15:50,Binance: Buy Bitcoin & Crypto,com.binance.dev
Rajib King,5,,nice,2026-08-21 19:58:29,0,,,Binance: Buy Bitcoin & Crypto,com.binance.dev
Es haq Yaqobi,5,,give bonuses join and enjoy,2026-08-21 19:54:59,0,,,Binance: Buy Bitcoin & Crypto,com.binance.dev
Md Fazlu,5,,“Binance is easy to use and has many useful features for crypto trading. The app works well and the interface is user-friendly.”,2026-08-21 19:49:04,0,"Thank you for your review. Enjoy using & keep supporting us :) If you have any feedback or suggestion, you could write to us at http://binance.com/en/chat. We would love to hear from you!",2026-08-21 20:00:34,Binance: Buy Bitcoin & Crypto,com.binance.dev
Abdulganiyu mahruf,5,,Great 👍,2026-08-21 19:48:46,0,"Hey! We appreciate your lovely review and kind comment. Our utmost priority is to provide the best service possible to our valuable customers and community members. If you have any problems or if you have any inquiries, please reach out to our customer support team via live chat http://binance.com/en/chat. Our team will help. Thanks.",2026-08-21 20:00:45,Binance: Buy Bitcoin & Crypto,com.binance.dev
Ranjit Sahu,5,,very good and very smooth,2026-08-21 19:42:07,0,"Hi! We are glad you are satisfied with Binance! Whenever you happen to have a Binance-related question, you can contact us at http://binance.com/en/chat 💛",2026-08-21 19:45:28,Binance: Buy Bitcoin & Crypto,com.binance.dev
Rahata ahmed,5,,Good,2026-08-21 19:33:50,0,"Hi! We are glad you are satisfied with Binance! Whenever you happen to have a Binance-related question, you can contact us at http://binance.com/en/chat 💛",2026-08-21 19:45:36,Binance: Buy Bitcoin & Crypto,com.binance.dev
